Price,Adj Close,Close,High,Low,Open,Volume
Ticker,CRC.BK,CRC.BK,CRC.BK,CRC.BK,CRC.BK,CRC.BK
Date,,,,,,
2020-02-20,38.831058502197266,41.75,42.25,41.5,42.0,179872700
2020-02-21,38.36602020263672,41.25,42.0,41.25,41.75,38966200
2020-02-24,33.94811248779297,36.5,40.25,35.25,40.0,153707500
2020-02-25,34.64567565917969,37.25,38.5,36.25,36.75,122678200
2020-02-26,30.227771759033203,32.5,37.0,32.5,36.25,133529500
2020-02-27,31.622896194458008,34.0,34.5,30.75,33.0,99902900
2020-02-28,29.297685623168945,31.5,32.5,29.5,31.75,194407600
2020-03-02,30.692811965942383,33.0,33.75,32.0,32.75,59255500
2020-03-03,32.78550338745117,35.25,36.0,34.0,34.0,49257600
2020-03-04,34.64567565917969,37.25,37.5,35.25,35.25,44355400
2020-03-05,34.180633544921875,36.75,38.0,36.5,38.0,36364300
2020-03-06,33.94811248779297,36.5,36.75,35.75,36.25,29233600
2020-03-09,32.320465087890625,34.75,35.25,33.0,34.25,37952100
2020-03-10,33.94811248779297,36.5,36.75,35.0,35.0,26887000
2020-03-11,32.78550338745117,35.25,36.5,35.25,36.0,25805900
2020-03-12,27.902555465698242,30.0,33.75,29.0,33.5,48270400
2020-03-13,28.8326416015625,31.0,31.5,27.0,28.25,44937400
2020-03-16,27.204994201660156,29.25,32.25,29.0,30.75,34786000
2020-03-17,26.97247314453125,29.0,30.25,29.0,29.5,28839800
2020-03-18,24.182214736938477,26.0,29.5,25.5,29.5,36910700
2020-03-19,21.85700225830078,23.5,24.799999237060547,23.399999618530273,24.700000762939453,46821200
2020-03-20,22.973106384277344,24.700000762939453,26.25,23.799999237060547,24.5,55764100
2020-03-23,19.531789779663086,21.0,21.5,21.0,21.0,36002700
2020-03-24,19.531789779663086,21.0,22.799999237060547,20.700000762939453,21.899999618530273,37670300
2020-03-25,22.415056228637695,24.100000381469727,24.100000381469727,21.299999237060547,21.700000762939453,47286400
2020-03-26,24.647258758544922,26.5,27.0,24.799999237060547,25.0,61832300
2020-03-27,23.252132415771484,25.0,28.0,25.0,27.0,45977100
2020-03-30,24.647258758544922,26.5,26.5,26.5,26.5,2585700
2020-03-31,26.042387008666992,28.0,29.0,26.5,26.5,29734500
2020-04-01,25.112302780151367,27.0,28.25,26.5,27.5,20429700
2020-04-02,26.507431030273438,28.5,28.75,27.0,27.25,24447300
2020-04-03,25.809864044189453,27.75,28.75,27.25,28.75,10523100
2020-04-07,29.53020668029785,31.75,31.75,28.75,29.25,31807600
2020-04-08,29.53020668029785,31.75,33.5,30.0,31.75,33409700
2020-04-09,29.53020668029785,31.75,33.25,31.0,32.5,39919800
2020-04-10,31.622896194458008,34.0,34.5,31.5,32.0,47619700
2020-04-13,30.92533302307129,33.25,34.0,32.5,33.5,22024000
2020-04-14,30.692811965942383,33.0,34.75,32.25,34.0,45707600
2020-04-15,29.53020668029785,31.75,33.5,31.5,33.25,29639100
2020-04-16,29.297685623168945,31.5,32.5,31.25,31.5,25242600
2020-04-17,31.157855987548828,33.5,33.5,32.25,33.0,25783100
2020-04-20,33.018028259277344,35.5,35.75,33.75,33.75,39068900
2020-04-21,33.018028259277344,35.5,36.0,34.75,34.75,22716100
2020-04-22,32.55298614501953,35.0,35.75,33.75,35.0,25806900
2020-04-23,33.483070373535156,36.0,36.5,35.5,35.75,17144400
2020-04-24,33.7155876159668,36.25,36.75,35.75,36.0,17564400
2020-04-27,33.483070373535156,36.0,36.75,35.75,36.5,10264100
2020-04-28,34.64567565917969,37.25,37.5,35.75,35.75,13338200
2020-04-29,34.180633544921875,36.75,38.0,36.5,37.25,15388800
2020-04-30,34.41315460205078,37.0,37.25,36.5,37.0,10024500
2020-05-05,33.250545501708984,35.75,36.25,35.25,36.0,13379000
2020-05-07,33.483070373535156,36.0,36.25,35.0,35.5,14960800
2020-05-08,33.7155876159668,36.25,36.75,35.75,36.25,8655900
2020-05-11,34.41315460205078,37.0,37.5,36.25,36.25,11811500
2020-05-12,35.1107177734375,37.75,38.0,36.75,37.0,10126500
2020-05-13,35.1107177734375,37.75,37.75,37.0,37.5,7419500
2020-05-14,33.483070373535156,36.0,37.75,36.0,37.5,10459000
2020-05-15,31.855419158935547,34.25,36.0,34.0,36.0,26570300
2020-05-18,32.08793640136719,34.5,35.25,34.25,35.0,7527000
2020-05-19,33.7155876159668,36.25,37.0,35.25,35.5,20751900
2020-05-20,33.483070373535156,36.0,36.25,35.0,36.0,17148500
2020-05-21,33.483070373535156,36.0,36.5,35.5,36.25,9370400
2020-05-22,32.320465087890625,34.75,35.75,34.5,35.5,12477000
2020-05-25,32.78550338745117,35.25,35.5,34.75,35.0,7826900
2020-05-26,33.7155876159668,36.25,37.0,35.5,35.75,20888800
2020-05-27,34.180633544921875,36.75,37.0,36.0,36.5,12350300
2020-05-28,34.64567565917969,37.25,38.25,36.75,37.5,26018500
2020-05-29,35.80827713012695,38.5,40.0,36.75,37.25,50375900
2020-06-01,35.1107177734375,37.75,39.25,37.75,39.0,14966000
2020-06-02,35.57575988769531,38.25,38.75,37.75,38.0,8675900
2020-06-04,34.878196716308594,37.5,38.75,37.5,38.75,14279500
2020-06-05,34.41315460205078,37.0,38.25,36.5,37.25,30385900
2020-06-08,34.878196716308594,37.5,38.25,37.0,37.75,24434900
2020-06-09,33.483070373535156,36.0,38.0,36.0,38.0,15480800
2020-06-10,34.180633544921875,36.75,37.25,36.25,36.5,16027600
2020-06-11,33.018028259277344,35.5,37.0,35.25,36.5,15668000
2020-06-12,32.55298614501953,35.0,35.25,34.0,34.0,23219600
2020-06-15,30.92533302307129,33.25,34.75,33.0,34.75,18513600
2020-06-16,33.483070373535156,36.0,36.0,34.25,34.5,23511900
2020-06-17,32.55298614501953,35.0,36.0,34.75,35.5,13165500
2020-06-18,31.622896194458008,34.0,35.0,33.5,34.75,21607500
2020-06-19,31.855419158935547,34.25,35.0,34.25,34.5,12300700
2020-06-22,31.622896194458008,34.0,34.5,33.5,34.25,7903300
2020-06-23,32.08793640136719,34.5,34.75,33.75,34.0,8780800
2020-06-24,30.46029281616211,32.75,34.75,32.5,34.5,19203400
2020-06-25,29.53020668029785,31.75,32.25,31.0,32.0,18322500
2020-06-26,30.227771759033203,32.5,33.0,31.75,32.0,10562400
2020-06-29,29.53020668029785,31.75,32.25,31.5,32.0,8201500
2020-06-30,30.46029281616211,32.75,33.0,32.0,32.25,11822800
2020-07-01,30.46029281616211,32.75,33.0,32.25,32.75,11442900
2020-07-02,31.855419158935547,34.25,34.5,33.0,33.25,20654300
2020-07-03,31.622896194458008,34.0,34.5,33.75,34.5,9016600
2020-07-07,31.622896194458008,34.0,34.75,33.75,34.75,10389600
2020-07-08,31.157855987548828,33.5,34.25,33.25,34.0,5671200
2020-07-09,30.46029281616211,32.75,33.75,32.5,33.75,12975400
2020-07-10,29.762727737426758,32.0,32.5,31.5,32.0,10717400
2020-07-13,28.600120544433594,30.75,32.0,30.5,32.0,12974900
2020-07-14,27.902555465698242,30.0,30.5,29.5,30.0,26166500
2020-07-15,27.902555465698242,30.0,30.5,29.75,30.5,15540300
2020-07-16,27.902555465698242,30.0,30.25,29.75,30.0,12237900
2020-07-17,27.670034408569336,29.75,30.25,29.5,30.0,13759400
2020-07-20,27.670034408569336,29.75,30.25,29.5,29.75,12711900
2020-07-21,27.902555465698242,30.0,30.25,29.75,30.0,29645400
2020-07-22,26.73995018005371,28.75,30.5,28.75,30.0,27407600
2020-07-23,27.204994201660156,29.25,29.75,28.75,29.0,11433900
2020-07-24,26.73995018005371,28.75,29.0,28.5,28.75,7632800
2020-07-29,27.902555465698242,30.0,30.0,28.75,29.0,22418400
2020-07-30,27.204994201660156,29.25,30.5,28.75,30.25,19601900
2020-07-31,27.437515258789062,29.5,29.75,29.0,29.5,14058300
2020-08-03,26.73995018005371,28.75,29.5,28.25,29.5,15470200
2020-08-04,26.97247314453125,29.0,29.25,28.75,29.25,18667100
2020-08-05,26.97247314453125,29.0,29.25,28.75,29.0,7786500
2020-08-06,26.97247314453125,29.0,29.25,28.75,29.0,6609900
2020-08-07,26.73995018005371,28.75,29.0,28.5,29.0,8989900
2020-08-10,26.507431030273438,28.5,29.0,28.25,28.75,4369900
2020-08-11,27.902555465698242,30.0,30.25,28.5,28.75,26906100
2020-08-13,27.902555465698242,30.0,31.25,29.5,30.75,31532400
2020-08-14,27.670034408569336,29.75,30.25,29.25,30.0,11474400
2020-08-17,27.204994201660156,29.25,30.0,29.0,29.5,12358000
2020-08-18,28.367599487304688,30.5,31.0,29.75,30.0,51254300
2020-08-19,27.670034408569336,29.75,31.0,29.25,30.75,25561700
2020-08-20,28.367599487304688,30.5,30.5,29.25,29.5,21123000
2020-08-21,27.902555465698242,30.0,30.75,29.75,30.75,15097800
2020-08-24,27.902555465698242,30.0,30.5,29.5,30.5,33480000
2020-08-25,27.670034408569336,29.75,30.5,29.75,30.5,26038800
2020-08-26,27.670034408569336,29.75,30.0,29.5,29.75,9318500
2020-08-27,29.06516456604004,31.25,31.75,29.75,30.0,53386900
2020-08-28,28.8326416015625,31.0,32.0,30.75,31.5,32946100
2020-08-31,27.670034408569336,29.75,31.0,29.25,31.0,37201100
2020-09-01,27.204994201660156,29.25,30.0,28.75,29.5,27012400
2020-09-02,27.204994201660156,29.25,29.5,29.0,29.25,25079300
2020-09-03,26.73995018005371,28.75,29.5,28.5,29.5,27056300
2020-09-08,26.042387008666992,28.0,28.5,28.0,28.25,17873600
2020-09-09,26.042387008666992,28.0,28.25,27.5,27.75,15166700
2020-09-10,26.274906158447266,28.25,29.0,27.75,28.0,25669600
2020-09-11,25.112302780151367,27.0,28.5,26.5,28.25,29609500
2020-09-14,24.647258758544922,26.5,27.5,26.25,27.25,19925500
2020-09-15,26.274906158447266,28.25,28.5,26.75,26.75,27670300
2020-09-16,27.204994201660156,29.25,29.75,28.25,28.25,29231700
2020-09-17,26.507431030273438,28.5,29.25,28.5,29.25,25640100
2020-09-18,26.042387008666992,28.0,29.0,27.75,29.0,117860800
2020-09-21,25.57734489440918,27.5,28.25,27.25,28.0,11792100
2020-09-22,25.809864044189453,27.75,28.0,26.75,27.25,11805600
2020-09-23,25.112302780151367,27.0,28.0,26.75,28.0,11802400
2020-09-24,24.879779815673828,26.75,27.25,26.25,26.75,12466000
2020-09-25,25.112302780151367,27.0,27.0,26.75,27.0,8378300
2020-09-28,25.34482192993164,27.25,27.5,27.0,27.25,10884200
2020-09-29,24.41473388671875,26.25,27.25,26.0,27.25,11983000
2020-09-30,24.182214736938477,26.0,26.5,25.5,26.5,9573600
2020-10-01,24.41473388671875,26.25,26.75,26.0,26.25,10224800
2020-10-02,23.252132415771484,25.0,26.25,25.0,26.25,16673800
2020-10-05,23.717174530029297,25.5,25.75,25.25,25.25,7216000
2020-10-06,24.182214736938477,26.0,26.5,25.75,26.0,8599700
2020-10-07,25.34482192993164,27.25,27.25,25.75,26.0,13390700
2020-10-08,25.809864044189453,27.75,29.5,27.75,28.75,52763700
2020-10-09,25.809864044189453,27.75,28.25,27.25,27.75,11907400
2020-10-12,26.042387008666992,28.0,28.25,27.25,27.75,8176200
2020-10-14,26.507431030273438,28.5,28.5,27.75,28.0,7430800
2020-10-15,24.879779815673828,26.75,28.0,26.75,28.0,15903300
2020-10-16,24.647258758544922,26.5,27.25,26.25,26.75,8587800
2020-10-19,23.066112518310547,24.799999237060547,26.25,24.5,26.25,30439100
2020-10-20,23.94969367980957,25.75,26.0,24.700000762939453,24.700000762939453,25479700
2020-10-21,24.879779815673828,26.75,26.75,25.75,26.0,12870100
2020-10-22,25.57734489440918,27.5,27.5,26.0,26.75,18633000
2020-10-26,25.112302780151367,27.0,27.5,27.0,27.5,4996300
2020-10-27,25.809864044189453,27.75,27.75,26.5,26.5,8107500
2020-10-28,24.647258758544922,26.5,27.5,26.5,27.25,12523300
2020-10-29,24.879779815673828,26.75,27.0,26.25,26.5,9123300
2020-10-30,24.879779815673828,26.75,27.0,26.5,26.75,8008600
2020-11-02,24.647258758544922,26.5,27.0,26.25,26.75,5820700
2020-11-03,24.879779815673828,26.75,27.25,26.5,26.75,11027400
2020-11-04,24.41473388671875,26.25,27.0,25.75,26.75,12160200
2020-11-05,25.34482192993164,27.25,27.75,26.25,26.25,20299200
2020-11-06,25.112302780151367,27.0,28.0,27.0,27.5,13937500
2020-11-09,26.507431030273438,28.5,28.5,27.75,28.0,30008100
2020-11-10,30.227771759033203,32.5,32.75,30.75,32.0,92986400
2020-11-11,29.297685623168945,31.5,32.75,31.25,32.75,19068100
2020-11-12,29.06516456604004,31.25,31.5,30.25,31.5,18392100
2020-11-13,30.227771759033203,32.5,33.0,31.5,31.5,25910500
2020-11-16,30.692811965942383,33.0,33.5,32.75,33.0,16538400
2020-11-17,31.390378952026367,33.75,34.75,33.25,33.75,37355200
2020-11-18,32.08793640136719,34.5,34.5,32.75,33.75,15751300
2020-11-19,31.390378952026367,33.75,34.5,33.75,34.25,12641100
2020-11-20,32.320465087890625,34.75,34.75,33.5,33.75,9631000
2020-11-23,32.08793640136719,34.5,35.0,34.25,35.0,9935400
2020-11-24,31.157855987548828,33.5,35.0,33.25,35.0,13000000
2020-11-25,30.92533302307129,33.25,34.25,32.0,34.0,24985400
2020-11-26,30.692811965942383,33.0,33.5,32.75,33.25,11893700
2020-11-27,31.390378952026367,33.75,34.25,32.75,33.0,17420600
2020-11-30,30.227771759033203,32.5,33.5,32.0,33.25,23810900
2020-12-01,30.227771759033203,32.5,33.25,32.25,32.75,14693500
2020-12-02,31.390378952026367,33.75,34.0,32.5,32.75,26112900
2020-12-03,32.320465087890625,34.75,34.75,33.25,34.0,17871700
2020-12-04,32.55298614501953,35.0,35.25,34.25,34.5,14204300
2020-12-08,32.55298614501953,35.0,35.25,34.0,34.25,13341300
2020-12-09,32.55298614501953,35.0,35.75,34.5,35.5,12671100
2020-12-14,32.08793640136719,34.5,35.5,34.0,35.25,13119200
2020-12-15,31.855419158935547,34.25,34.75,33.5,34.5,14646700
2020-12-16,31.855419158935547,34.25,34.75,33.75,34.5,11534500
2020-12-17,32.320465087890625,34.75,35.25,34.5,34.75,8468900
2020-12-18,32.78550338745117,35.25,35.25,34.25,34.75,16579200
2020-12-21,29.995248794555664,32.25,33.75,31.5,33.0,36127700
2020-12-22,29.762727737426758,32.0,32.5,31.25,32.0,16676600
2020-12-23,29.297685623168945,31.5,32.5,31.5,31.75,10365300
2020-12-24,30.46029281616211,32.75,33.25,31.25,31.5,12016300
2020-12-25,30.692811965942383,33.0,33.25,32.5,33.0,3734800
2020-12-28,29.297685623168945,31.5,33.25,31.5,33.25,12062900
2020-12-29,29.762727737426758,32.0,32.25,31.25,31.5,9957600
2020-12-30,28.600120544433594,30.75,32.0,30.0,32.0,19205500
2021-01-04,28.600120544433594,30.75,31.25,29.25,30.0,17178300
2021-01-05,29.06516456604004,31.25,31.75,30.5,30.5,9375900
2021-01-06,28.13507843017578,30.25,31.75,30.25,31.25,10629600
2021-01-07,28.8326416015625,31.0,32.0,30.5,30.5,24249900
2021-01-08,29.06516456604004,31.25,31.75,30.75,31.5,8295500
2021-01-11,28.600120544433594,30.75,31.25,30.5,31.0,6121400
2021-01-12,28.367599487304688,30.5,31.25,30.5,30.75,5458600
2021-01-13,28.367599487304688,30.5,31.0,30.25,30.5,9468000
2021-01-14,28.367599487304688,30.5,31.25,30.25,30.75,10757600
2021-01-15,28.600120544433594,30.75,31.25,30.75,30.75,10775500
2021-01-18,28.13507843017578,30.25,30.75,30.0,30.75,8772500
2021-01-19,28.13507843017578,30.25,30.75,30.0,30.5,6709300
2021-01-20,28.13507843017578,30.25,30.75,30.0,30.0,10575400
2021-01-21,29.995248794555664,32.25,32.25,30.25,30.75,27175200
2021-01-22,29.995248794555664,32.25,32.5,31.5,32.25,12992100
2021-01-25,30.46029281616211,32.75,32.75,31.75,32.25,8380500
2021-01-26,29.762727737426758,32.0,33.0,32.0,33.0,6362000
2021-01-27,29.297685623168945,31.5,32.25,31.5,32.0,7038500
2021-01-28,28.8326416015625,31.0,31.0,30.5,31.0,10390700
2021-01-29,28.600120544433594,30.75,31.25,30.5,31.25,10158500
2021-02-01,28.600120544433594,30.75,31.25,30.5,30.75,3883600
2021-02-02,29.06516456604004,31.25,31.5,30.75,31.0,5721100
2021-02-03,29.297685623168945,31.5,32.5,31.25,31.5,12118600
2021-02-04,29.762727737426758,32.0,32.25,31.25,32.0,9794600
2021-02-05,29.995248794555664,32.25,32.25,31.5,32.0,7788700
2021-02-08,31.157855987548828,33.5,33.75,32.25,32.5,15393700
2021-02-09,32.08793640136719,34.5,35.0,34.0,34.0,26720100
2021-02-10,31.390378952026367,33.75,35.25,33.75,34.75,18512600
2021-02-11,31.157855987548828,33.5,34.25,33.25,34.0,5289600
2021-02-15,30.46029281616211,32.75,33.75,32.25,33.5,10673800
2021-02-16,30.227771759033203,32.5,33.25,32.5,32.75,4728000
2021-02-17,29.995248794555664,32.25,32.75,31.75,32.5,11387000
2021-02-18,29.995248794555664,32.25,32.5,32.0,32.25,8797600
2021-02-19,29.762727737426758,32.0,32.75,31.75,32.25,9486800
2021-02-22,29.297685623168945,31.5,32.5,31.5,32.5,8994300
2021-02-23,31.390378952026367,33.75,34.0,31.5,31.75,19483400
2021-02-24,30.692811965942383,33.0,33.5,32.5,33.5,11838800
2021-02-25,31.157855987548828,33.5,33.75,32.5,33.5,8852800
2021-03-01,31.157855987548828,33.5,34.0,33.0,33.25,10662000
2021-03-02,31.855419158935547,34.25,34.5,33.75,33.75,11787600
2021-03-03,33.250545501708984,35.75,36.0,34.0,34.5,29701900
2021-03-04,34.180633544921875,36.75,37.25,35.5,35.5,29870500
2021-03-05,33.94811248779297,36.5,37.0,36.0,36.75,10200200
2021-03-08,34.180633544921875,36.75,37.5,36.25,37.0,15615000
2021-03-09,34.180633544921875,36.75,36.75,35.75,36.5,8651400
2021-03-10,35.343238830566406,38.0,38.25,36.25,36.75,18418200
2021-03-11,35.1107177734375,37.75,38.5,37.75,38.0,9997200
2021-03-12,34.41315460205078,37.0,38.0,36.25,38.0,7890400
2021-03-15,34.180633544921875,36.75,38.0,36.5,36.75,12174900
2021-03-16,33.94811248779297,36.5,37.0,36.25,37.0,5250700
2021-03-17,33.94811248779297,36.5,37.25,36.25,36.5,5659400
2021-03-18,33.7155876159668,36.25,37.25,36.25,37.0,3710500
2021-03-19,33.483070373535156,36.0,36.75,35.75,36.5,5645600
2021-03-22,33.94811248779297,36.5,36.5,35.75,36.0,4413800
2021-03-23,34.64567565917969,37.25,37.25,36.5,36.75,8409600
2021-03-24,34.180633544921875,36.75,37.25,36.0,36.75,7431700
2021-03-25,34.180633544921875,36.75,37.0,36.0,36.5,5312300
2021-03-26,34.64567565917969,37.25,37.5,36.5,36.75,8732100
2021-03-29,34.64567565917969,37.25,37.75,37.25,37.5,5285500
2021-03-30,35.343238830566406,38.0,38.5,37.25,37.5,12594500
2021-03-31,34.64567565917969,37.25,38.5,37.25,38.25,6873600
2021-04-01,35.1107177734375,37.75,38.25,37.25,37.25,8997100
2021-04-02,35.343238830566406,38.0,38.25,37.75,38.0,2412000
2021-04-05,33.7155876159668,36.25,38.0,36.25,37.75,10506000
2021-04-07,32.320465087890625,34.75,35.75,34.25,35.25,20164400
2021-04-08,32.320465087890625,34.75,34.75,33.75,34.0,6003400
2021-04-09,32.08793640136719,34.5,34.75,34.0,34.5,8293700
2021-04-12,30.92533302307129,33.25,34.25,33.25,34.0,11253700
2021-04-16,31.622896194458008,34.0,34.25,32.75,33.0,16500500
2021-04-19,33.250545501708984,35.75,35.75,34.0,34.25,15689000
2021-04-20,32.55298614501953,35.0,35.25,34.5,35.25,9255000
2021-04-21,32.78550338745117,35.25,35.5,34.5,34.5,8595700
2021-04-22,32.78550338745117,35.25,35.5,34.5,35.5,7227200
2021-04-23,32.55298614501953,35.0,35.25,34.25,35.0,9665400
2021-04-26,31.390378952026367,33.75,34.5,33.25,34.5,23099800
2021-04-27,32.320465087890625,34.75,35.0,33.75,34.0,22806400
2021-04-28,33.250545501708984,35.75,36.0,34.5,34.75,11429500
2021-04-29,33.15648651123047,35.25,36.25,35.25,35.5,8972300
2021-04-30,32.92133712768555,35.0,35.25,34.75,34.75,3747800
2021-05-05,31.2752685546875,33.25,34.75,33.25,34.5,12012600
2021-05-06,32.215877532958984,34.25,34.5,33.25,33.75,8588100
2021-05-07,32.92133712768555,35.0,35.25,34.25,34.5,8095000
2021-05-10,32.92133712768555,35.0,35.5,34.5,35.5,6141000
2021-05-11,32.92133712768555,35.0,35.0,34.25,34.75,8825800
2021-05-12,30.56981086730957,32.5,34.5,32.0,34.25,31403800
2021-05-13,30.099504470825195,32.0,32.5,30.75,32.25,23572600
2021-05-14,30.099504470825195,32.0,32.5,31.5,31.75,19130200
2021-05-17,29.864355087280273,31.75,32.25,31.25,31.75,15449800
2021-05-18,31.040115356445312,33.0,33.25,32.0,32.25,18998300
2021-05-19,30.804960250854492,32.75,33.25,32.5,33.0,7428800
2021-05-20,30.804960250854492,32.75,33.0,32.25,33.0,8490300
2021-05-21,30.099504470825195,32.0,32.75,32.0,32.5,7673500
2021-05-24,30.099504470825195,32.0,32.25,31.75,32.0,6282600
2021-05-25,29.864355087280273,31.75,32.5,31.75,32.25,8220500
2021-05-27,31.040115356445312,33.0,33.5,31.75,32.0,18449800
2021-05-28,31.2752685546875,33.25,33.75,33.0,33.0,12331600
2021-05-31,31.2752685546875,33.25,33.5,32.5,33.25,13343400
2021-06-01,32.45103073120117,34.5,34.5,33.0,33.75,12188400
2021-06-02,33.626792907714844,35.75,36.25,35.0,35.25,27343600
2021-06-04,34.56739807128906,36.75,37.25,35.75,35.75,29342400
2021-06-07,34.80255126953125,37.0,37.75,36.75,37.25,11856000
2021-06-08,35.27285385131836,37.5,37.5,36.0,37.0,15226200
2021-06-09,35.50800704956055,37.75,37.75,37.25,37.5,7948100
2021-06-10,35.03770446777344,37.25,38.0,36.75,37.75,7123200
2021-06-11,35.03770446777344,37.25,37.75,37.0,37.25,7938700
2021-06-14,35.27285385131836,37.5,38.0,37.25,37.25,8541900
2021-06-15,35.27285385131836,37.5,37.5,37.0,37.5,6374600
2021-06-16,34.56739807128906,36.75,37.25,36.25,37.25,12115900
2021-06-17,34.56739807128906,36.75,37.0,36.5,36.5,4513700
2021-06-18,34.33224868774414,36.5,37.0,36.25,36.75,8477500
2021-06-21,34.09709930419922,36.25,36.5,35.5,36.25,6485000
2021-06-22,34.09709930419922,36.25,37.25,36.25,36.5,4571100
2021-06-23,33.15648651123047,35.25,36.5,35.0,36.25,11984400
2021-06-24,32.92133712768555,35.0,35.0,34.5,35.0,13437100
2021-06-25,32.68618392944336,34.75,36.0,34.5,35.0,11432800
2021-06-28,32.68618392944336,34.75,34.75,33.75,34.0,6693800
2021-06-29,32.45103073120117,34.5,34.75,33.75,34.5,7952600
2021-06-30,31.510417938232422,33.5,34.75,33.5,34.5,10101600
2021-07-01,32.215877532958984,34.25,34.5,33.5,33.75,7832700
2021-07-02,31.980724334716797,34.0,34.0,33.5,34.0,9792800
2021-07-05,32.215877532958984,34.25,34.5,33.75,34.0,6422100
2021-07-06,32.92133712768555,35.0,35.25,34.25,34.25,8472400
2021-07-07,31.980724334716797,34.0,34.75,33.75,34.5,6041500
2021-07-08,30.804960250854492,32.75,33.75,32.5,33.5,15395200
2021-07-09,31.510417938232422,33.5,33.5,32.25,32.5,11631000
2021-07-12,31.040115356445312,33.0,33.5,32.5,33.5,7046500
2021-07-13,31.510417938232422,33.5,33.75,32.75,33.0,9958500
2021-07-14,31.040115356445312,33.0,33.5,32.75,33.25,4552800
2021-07-15,30.804960250854492,32.75,33.5,32.5,33.25,6188600
2021-07-16,30.804960250854492,32.75,33.25,32.5,32.75,5586500
2021-07-19,30.334657669067383,32.25,32.75,32.0,32.5,6356400
2021-07-20,29.864355087280273,31.75,32.5,31.0,32.25,12321800
2021-07-21,30.334657669067383,32.25,32.5,31.5,32.0,6489800
2021-07-22,30.099504470825195,32.0,32.5,31.5,32.25,4448900
2021-07-23,29.629199981689453,31.5,32.0,31.25,31.75,7543900
2021-07-27,29.864355087280273,31.75,32.0,31.0,31.75,5475400
2021-07-29,29.3940486907959,31.25,31.75,31.0,31.5,5525100
2021-07-30,29.15889549255371,31.0,31.5,30.75,31.0,6288900
2021-08-02,29.15889549255371,31.0,31.5,30.5,31.0,4248200
2021-08-03,28.923744201660156,30.75,31.0,30.5,30.75,8878500
2021-08-04,29.629199981689453,31.5,31.75,30.5,30.75,7728600
2021-08-05,28.68859100341797,30.5,31.5,30.0,31.25,9602000
2021-08-06,28.45343780517578,30.25,30.5,29.75,30.25,9519700
2021-08-09,29.3940486907959,31.25,31.5,30.25,30.25,11342700
2021-08-10,29.15889549255371,31.0,32.0,31.0,31.25,21183800
2021-08-11,29.15889549255371,31.0,31.75,30.75,31.25,8854500
2021-08-13,29.15889549255371,31.0,31.5,30.5,30.75,9337000
2021-08-16,28.45343780517578,30.25,31.0,30.25,31.0,14622800
2021-08-17,29.15889549255371,31.0,31.5,30.25,30.5,16760700
2021-08-18,30.099504470825195,32.0,32.75,31.25,31.5,30954500
2021-08-19,29.864355087280273,31.75,32.25,31.5,32.0,19249100
2021-08-20,30.804960250854492,32.75,33.25,32.25,32.5,32593800
2021-08-23,31.980724334716797,34.0,34.5,33.5,33.75,32098100
2021-08-24,31.510417938232422,33.5,34.25,33.25,34.0,14643500
2021-08-25,31.74557113647461,33.75,34.0,33.25,33.75,11706600
2021-08-26,31.980724334716797,34.0,34.25,33.5,34.0,4577000
2021-08-27,31.980724334716797,34.0,34.25,33.5,34.0,7144800
2021-08-30,32.45103073120117,34.5,34.75,34.25,34.25,9519200
2021-08-31,32.215877532958984,34.25,34.5,34.25,34.5,8241200
2021-09-01,32.215877532958984,34.25,34.5,33.25,34.25,18612900
2021-09-02,32.68618392944336,34.75,35.25,33.75,34.5,15685200
2021-09-03,32.45103073120117,34.5,35.0,34.0,35.0,10556700
2021-09-06,32.215877532958984,34.25,34.5,34.0,34.25,3287000
2021-09-07,31.74557113647461,33.75,34.25,33.25,34.25,8856400
2021-09-08,31.510417938232422,33.5,33.75,33.0,33.5,7647500
2021-09-09,30.804960250854492,32.75,33.25,32.5,33.25,13746900
2021-09-10,31.040115356445312,33.0,33.5,32.75,33.0,12063800
2021-09-13,31.510417938232422,33.5,34.0,32.75,32.75,8107600
2021-09-14,31.74557113647461,33.75,34.0,33.25,34.0,4483300
2021-09-15,31.510417938232422,33.5,33.5,33.0,33.5,8346600
2021-09-16,31.74557113647461,33.75,34.0,33.25,33.75,6736400
2021-09-17,31.2752685546875,33.25,33.75,33.0,33.75,15819700
2021-09-20,30.804960250854492,32.75,33.25,32.5,33.0,7013000
2021-09-21,31.510417938232422,33.5,34.0,32.75,33.0,14072200
2021-09-22,31.980724334716797,34.0,34.25,33.75,33.75,6889100
2021-09-23,31.980724334716797,34.0,34.25,33.75,34.0,4817500
2021-09-27,31.980724334716797,34.0,34.5,33.75,34.5,8384900
2021-09-28,31.980724334716797,34.0,34.5,33.75,34.0,6183900
2021-09-29,31.980724334716797,34.0,34.5,33.5,34.0,8707800
2021-09-30,31.510417938232422,33.5,34.25,33.0,34.0,7752300
2021-10-01,31.510417938232422,33.5,33.75,33.0,33.75,13622200
2021-10-04,32.215877532958984,34.25,34.75,33.5,33.75,15020800
2021-10-05,32.215877532958984,34.25,34.75,34.0,34.25,9921200
2021-10-06,32.45103073120117,34.5,35.5,34.25,34.25,23013600
2021-10-07,32.68618392944336,34.75,35.0,34.5,34.5,9125400
2021-10-08,32.68618392944336,34.75,35.0,34.25,34.75,6363100
2021-10-11,32.68618392944336,34.75,35.25,34.5,35.0,10391100
2021-10-12,33.15648651123047,35.25,36.0,35.0,35.0,18402700
2021-10-14,33.86194610595703,36.0,36.5,35.5,35.75,20053100
2021-10-15,33.39163589477539,35.5,36.25,35.25,36.25,10765700
2021-10-18,33.39163589477539,35.5,36.0,35.5,35.75,4933400
2021-10-19,33.15648651123047,35.25,36.0,34.75,36.0,10482300
2021-10-20,33.15648651123047,35.25,35.5,35.0,35.25,6427000
2021-10-21,33.39163589477539,35.5,35.75,35.25,35.5,4998500
2021-10-25,32.68618392944336,34.75,35.5,34.5,35.5,9724000
2021-10-26,32.215877532958984,34.25,34.75,34.0,34.5,12364300
2021-10-27,31.980724334716797,34.0,34.0,33.75,34.0,5366800
2021-10-28,31.980724334716797,34.0,34.5,34.0,34.0,7997900
2021-10-29,32.68618392944336,34.75,35.0,34.0,34.0,17599400
2021-11-01,32.45103073120117,34.5,35.25,34.25,35.0,12806000
2021-11-02,32.215877532958984,34.25,35.0,34.25,34.5,7019500
2021-11-03,32.45103073120117,34.5,34.75,34.25,34.5,4245100
2021-11-04,32.45103073120117,34.5,34.75,34.25,34.5,8624300
2021-11-05,32.68618392944336,34.75,35.0,34.5,34.5,4749500
2021-11-08,33.626792907714844,35.75,36.25,35.0,35.0,22837900
2021-11-09,34.09709930419922,36.25,36.25,35.75,36.0,8126200
2021-11-10,34.09709930419922,36.25,36.5,35.75,36.25,9278600
2021-11-11,33.86194610595703,36.0,36.25,35.5,36.25,5078800
2021-11-12,34.33224868774414,36.5,37.0,36.0,36.0,11010300
2021-11-15,34.09709930419922,36.25,36.75,36.0,36.5,5315900
2021-11-16,34.33224868774414,36.5,37.0,36.25,36.5,6437600
2021-11-17,34.33224868774414,36.5,37.25,36.25,36.75,6397600
2021-11-18,33.86194610595703,36.0,36.75,36.0,36.25,9718500
2021-11-19,33.626792907714844,35.75,36.25,35.5,36.0,10729000
2021-11-22,33.86194610595703,36.0,36.0,35.5,35.75,4485400
2021-11-23,33.626792907714844,35.75,36.25,35.75,36.0,7026700
2021-11-24,34.56739807128906,36.75,37.25,35.75,35.75,14725000
2021-11-25,34.09709930419922,36.25,37.0,36.0,36.75,11034300
2021-11-26,31.980724334716797,34.0,35.75,33.5,35.75,39972200
2021-11-29,31.040115356445312,33.0,34.0,33.0,33.75,20444900
2021-11-30,30.099504470825195,32.0,33.75,31.75,33.25,29900500
2021-12-01,31.040115356445312,33.0,33.25,31.75,32.75,16799300
2021-12-02,31.2752685546875,33.25,33.25,32.0,33.0,17846800
2021-12-03,31.040115356445312,33.0,33.75,33.0,33.5,12334800
2021-12-07,32.215877532958984,34.25,34.5,33.25,33.5,13897100
2021-12-08,32.45103073120117,34.5,34.75,34.0,34.5,6456900
2021-12-09,32.215877532958984,34.25,34.75,34.0,34.5,3618700
2021-12-13,32.68618392944336,34.75,34.75,34.5,34.5,7785500
2021-12-14,32.92133712768555,35.0,35.0,33.75,34.25,9325500
2021-12-15,32.68618392944336,34.75,35.25,34.75,35.0,3982300
2021-12-16,33.15648651123047,35.25,35.5,34.5,35.0,6183800
2021-12-17,33.39163589477539,35.5,35.5,34.75,35.25,5668600
2021-12-20,32.215877532958984,34.25,34.75,33.5,34.75,13021500
2021-12-21,31.980724334716797,34.0,35.0,34.0,34.25,8481500
2021-12-22,32.215877532958984,34.25,34.75,34.0,34.25,5188300
2021-12-23,32.68618392944336,34.75,35.0,34.5,34.75,5900800
2021-12-24,31.74557113647461,33.75,35.0,33.5,35.0,13321400
2021-12-27,30.56981086730957,32.5,33.75,31.75,33.75,33745800
2021-12-28,30.334657669067383,32.25,32.5,31.75,32.5,21551500
2021-12-29,30.099504470825195,32.0,32.5,32.0,32.25,12656000
2021-12-30,30.099504470825195,32.0,32.5,32.0,32.25,11393600
2022-01-04,30.56981086730957,32.5,33.0,32.0,32.25,21622100
2022-01-05,30.804960250854492,32.75,33.0,32.5,33.0,8723000
2022-01-06,30.099504470825195,32.0,32.75,31.75,32.75,17131600
2022-01-07,29.864355087280273,31.75,32.25,31.75,32.25,7502300
2022-01-10,30.099504470825195,32.0,32.0,31.5,31.5,6105800
2022-01-11,30.099504470825195,32.0,32.25,31.5,32.0,10316600
2022-01-12,30.334657669067383,32.25,32.75,32.0,32.0,8485200
2022-01-13,30.334657669067383,32.25,32.5,32.0,32.25,4825600
2022-01-14,30.334657669067383,32.25,32.25,31.75,32.25,5217100
2022-01-17,31.040115356445312,33.0,33.5,32.25,32.25,22463200
2022-01-18,30.804960250854492,32.75,33.25,32.25,33.0,12250100
2022-01-19,30.804960250854492,32.75,32.75,32.0,32.25,7561600
2022-01-20,31.510417938232422,33.5,33.5,32.75,33.0,12210000
2022-01-21,31.040115356445312,33.0,33.25,32.75,33.0,5533200
2022-01-24,31.510417938232422,33.5,34.25,33.5,33.75,19132700
2022-01-25,31.510417938232422,33.5,33.5,32.75,33.25,9109900
2022-01-26,31.510417938232422,33.5,33.75,33.25,33.5,3741500
2022-01-27,31.040115356445312,33.0,33.25,32.5,33.25,6882400
2022-01-28,31.2752685546875,33.25,33.75,33.0,33.25,9889800
2022-01-31,31.980724334716797,34.0,35.0,33.75,33.75,18645200
2022-02-01,31.980724334716797,34.0,34.25,33.75,34.0,7439000
2022-02-02,32.45103073120117,34.5,35.0,34.25,34.25,11187900
2022-02-03,32.45103073120117,34.5,34.75,34.0,34.25,9395800
2022-02-04,32.215877532958984,34.25,34.75,34.25,34.5,3209600
2022-02-07,35.27285385131836,37.5,38.25,35.5,35.5,68469500
2022-02-08,34.80255126953125,37.0,38.0,36.5,37.5,17968200
2022-02-09,35.743160247802734,38.0,39.0,37.5,38.0,37593200
2022-02-10,35.97831726074219,38.25,38.75,37.75,38.0,12199700
2022-02-11,35.743160247802734,38.0,38.25,37.75,38.25,6961900
2022-02-14,35.743160247802734,38.0,38.25,37.75,37.75,8739600
2022-02-15,36.4486198425293,38.75,38.75,38.0,38.0,9844200
2022-02-17,36.4486198425293,38.75,39.5,38.5,39.0,15907700
2022-02-18,36.68376922607422,39.0,39.0,38.25,38.75,11540000
2022-02-21,35.743160247802734,38.0,39.0,38.0,39.0,6586600
2022-02-22,35.50800704956055,37.75,38.0,36.25,36.5,23947500
2022-02-23,35.97831726074219,38.25,38.25,37.5,37.5,6430400
2022-02-24,34.56739807128906,36.75,38.0,36.75,37.5,12170400
2022-02-25,35.50800704956055,37.75,38.5,37.25,37.25,14881600
2022-02-28,35.97831726074219,38.25,38.75,37.75,37.75,14037400
2022-03-01,35.97831726074219,38.25,38.75,38.25,38.5,4807500
2022-03-02,36.4486198425293,38.75,39.5,37.75,37.75,15885600
2022-03-03,36.68376922607422,39.0,39.75,38.5,39.5,8956800
2022-03-04,35.743160247802734,38.0,38.75,38.0,38.75,7657800
2022-03-07,34.56739807128906,36.75,37.25,36.0,37.0,19105700
2022-03-08,34.80255126953125,37.0,37.0,35.5,36.75,20160500
2022-03-09,35.743160247802734,38.0,38.0,36.75,37.25,12881500
2022-03-10,35.743160247802734,38.0,38.5,38.0,38.0,9152000
2022-03-11,35.743160247802734,38.0,38.5,38.0,38.25,5912800
2022-03-14,35.97831726074219,38.25,38.25,37.5,37.5,5009700
2022-03-15,35.27285385131836,37.5,38.5,37.25,38.5,9324400
2022-03-16,36.21346664428711,38.5,38.75,37.75,38.0,8453300
2022-03-17,36.4486198425293,38.75,39.25,38.5,39.0,12615100
2022-03-18,36.68376922607422,39.0,39.0,38.25,38.75,9961200
2022-03-21,36.68376922607422,39.0,39.0,38.5,38.75,5575800
2022-03-22,36.4486198425293,38.75,38.75,38.25,38.75,7086300
2022-03-23,35.50800704956055,37.75,38.75,37.5,38.75,11590900
2022-03-24,35.743160247802734,38.0,38.25,37.5,37.5,7188100
2022-03-25,35.97831726074219,38.25,38.25,37.75,38.0,5265700
2022-03-28,36.21346664428711,38.5,38.5,38.0,38.25,4497400
2022-03-29,36.4486198425293,38.75,39.0,38.25,38.75,5964100
2022-03-30,37.85953140258789,40.25,41.0,38.25,38.75,38578600
2022-03-31,37.38922882080078,39.75,40.5,39.5,40.25,14816500
2022-04-01,37.62438201904297,40.0,40.25,39.5,39.75,9105500
2022-04-04,37.38922882080078,39.75,40.25,39.0,40.0,13633100
2022-04-05,37.62438201904297,40.0,40.5,39.75,39.75,10222800
2022-04-07,37.62438201904297,40.0,40.75,39.5,39.75,15288300
2022-04-08,38.32984161376953,40.75,41.0,39.5,40.25,17456500
2022-04-11,37.85953140258789,40.25,40.5,39.75,40.5,10702200
2022-04-12,37.85953140258789,40.25,40.25,39.5,40.0,6818600
2022-04-18,37.85953140258789,40.25,40.75,39.75,40.0,11687700
2022-04-19,38.800140380859375,41.25,41.5,40.5,40.75,11776400
2022-04-20,38.56499099731445,41.0,41.75,40.5,41.5,10248600
2022-04-21,38.09468460083008,40.5,41.25,40.25,41.0,8944900
2022-04-22,37.85953140258789,40.25,40.5,39.75,40.25,6724700
2022-04-25,37.62438201904297,40.0,40.0,39.0,39.5,10195000
2022-04-26,37.62438201904297,40.0,40.5,40.0,40.25,9904100
2022-04-27,37.62438201904297,40.0,40.0,39.5,39.75,6634500
2022-04-28,37.62438201904297,40.0,40.0,39.5,39.75,7757900
2022-04-29,37.154075622558594,39.5,40.25,39.0,39.75,11684200
2022-05-03,36.918922424316406,39.25,39.75,39.0,39.5,8141200
2022-05-05,36.918922424316406,39.25,39.5,39.0,39.25,8703900
2022-05-06,36.918922424316406,39.25,39.25,38.5,38.75,8657100
2022-05-09,36.49238967895508,38.5,39.0,38.25,39.0,11227400
2022-05-10,36.96631622314453,39.0,39.0,37.75,38.0,13187200
2022-05-11,36.72935485839844,38.75,39.25,38.25,38.75,9729600
2022-05-12,34.833648681640625,36.75,38.5,35.0,38.5,54919800
2022-05-13,33.648826599121094,35.5,36.75,35.0,36.5,53494100
2022-05-17,34.35972213745117,36.25,36.75,35.5,35.75,24258500
2022-05-18,35.07060623168945,37.0,37.5,36.5,36.5,23179000
2022-05-19,34.833648681640625,36.75,37.0,36.25,36.5,13662100
2022-05-20,35.07060623168945,37.0,37.5,37.0,37.0,11568000
2022-05-23,35.30757141113281,37.25,37.5,37.0,37.25,7973600
2022-05-24,35.07060623168945,37.0,37.5,36.5,37.5,7717100
2022-05-25,34.833648681640625,36.75,37.25,36.5,37.25,11411800
2022-05-26,34.833648681640625,36.75,37.0,36.5,36.75,7099600
2022-05-27,35.07060623168945,37.0,37.75,37.0,37.5,7562300
2022-05-30,35.544532775878906,37.5,37.75,37.25,37.25,14865800
2022-05-31,36.018463134765625,38.0,38.5,37.25,37.5,24079300
2022-06-01,36.018463134765625,38.0,38.75,37.75,38.25,11555400
2022-06-02,35.781497955322266,37.75,38.25,37.25,38.0,7462600
2022-06-06,35.781497955322266,37.75,39.0,37.5,38.0,13065000
2022-06-07,35.07060623168945,37.0,37.75,36.5,37.5,18487500
2022-06-08,34.833648681640625,36.75,37.25,36.5,37.0,11114900
2022-06-09,34.596683502197266,36.5,37.0,36.0,36.75,22103000
2022-06-10,34.35972213745117,36.25,36.5,36.0,36.25,12412800
2022-06-13,33.411865234375,35.25,35.75,35.0,35.25,21662400
2022-06-14,33.411865234375,35.25,35.5,35.0,35.25,6431500
2022-06-15,33.174903869628906,35.0,35.5,34.25,35.25,22843000
2022-06-16,32.70097351074219,34.5,35.75,34.0,35.25,22659200
2022-06-17,32.464012145996094,34.25,35.0,34.0,34.5,19334600
2022-06-20,32.70097351074219,34.5,35.0,34.0,34.25,12588100
2022-06-21,32.70097351074219,34.5,34.75,34.25,34.75,10311100
2022-06-22,32.70097351074219,34.5,34.5,33.75,34.5,13869300
2022-06-23,32.464012145996094,34.25,34.75,34.0,34.75,10782100
2022-06-24,32.70097351074219,34.5,35.0,34.0,34.5,7379000
2022-06-27,32.93793869018555,34.75,35.0,34.25,35.0,12248000
2022-06-28,33.411865234375,35.25,35.5,34.25,34.5,24756200
2022-06-29,33.411865234375,35.25,35.5,35.0,35.5,9901500
2022-06-30,33.174903869628906,35.0,35.5,34.75,35.25,13820300
2022-07-01,33.648826599121094,35.5,35.75,34.75,35.25,12818400
2022-07-04,33.174903869628906,35.0,35.5,34.75,35.5,13825700
2022-07-05,32.464012145996094,34.25,35.25,33.5,35.0,33137900
2022-07-06,32.464012145996094,34.25,34.75,33.75,34.25,17906700
2022-07-07,33.411865234375,35.25,35.5,34.5,34.5,25726400
2022-07-08,33.411865234375,35.25,36.0,35.0,36.0,10769900
2022-07-11,33.174903869628906,35.0,35.25,34.5,35.25,8800900
2022-07-12,33.174903869628906,35.0,35.25,34.25,34.75,7594400
2022-07-14,33.174903869628906,35.0,35.5,34.75,35.25,9424100
2022-07-15,33.174903869628906,35.0,35.25,34.25,35.25,8446500
2022-07-18,33.411865234375,35.25,35.5,35.0,35.0,3853600
2022-07-19,33.174903869628906,35.0,35.25,34.5,35.0,10163900
2022-07-20,33.411865234375,35.25,35.75,35.0,35.25,14932600
2022-07-21,33.648826599121094,35.5,35.75,35.0,35.25,14238500
2022-07-22,33.88579177856445,35.75,36.0,35.5,35.75,11206700
2022-07-25,34.596683502197266,36.5,36.75,35.5,35.75,18515300
2022-07-26,34.596683502197266,36.5,36.5,36.0,36.5,8287400
2022-07-27,34.596683502197266,36.5,36.75,36.5,36.75,7725200
2022-08-01,35.781497955322266,37.75,38.75,37.75,38.25,34884600
2022-08-02,35.544532775878906,37.5,37.75,37.0,37.0,12097900
2022-08-03,35.544532775878906,37.5,37.75,37.25,37.25,6567800
2022-08-04,35.544532775878906,37.5,38.25,37.5,38.0,11049600
2022-08-05,36.018463134765625,38.0,38.25,37.5,37.5,13405600
2022-08-08,36.49238967895508,38.5,38.5,37.5,38.0,7089300
2022-08-09,36.49238967895508,38.5,38.5,38.0,38.5,6875700
2022-08-10,36.72935485839844,38.75,38.75,38.0,38.5,10250300
2022-08-11,36.49238967895508,38.5,39.25,38.5,38.75,13666200
2022-08-15,36.96631622314453,39.0,39.0,38.25,38.5,9201800
2022-08-16,37.20328140258789,39.25,40.25,39.25,39.25,20720800
2022-08-17,37.440242767333984,39.5,39.75,39.25,39.5,11679200
2022-08-18,37.677207946777344,39.75,39.75,39.0,39.25,5602000
2022-08-19,37.677207946777344,39.75,39.75,39.25,39.75,7199700
2022-08-22,37.20328140258789,39.25,39.75,38.75,39.5,10741000
2022-08-23,37.677207946777344,39.75,40.0,38.75,39.25,13266100
2022-08-24,38.1511344909668,40.25,40.5,39.5,39.5,12089400
2022-08-25,38.388099670410156,40.5,40.75,40.5,40.75,4006900
2022-08-26,37.9141731262207,40.0,40.75,39.75,40.75,11612900
2022-08-29,37.440242767333984,39.5,40.0,39.0,39.25,11790900
2022-08-30,38.625064849853516,40.75,41.0,39.5,39.5,15793000
2022-08-31,38.388099670410156,40.5,40.75,39.75,40.5,12854300
2022-09-01,38.1511344909668,40.25,40.5,39.75,40.0,12101000
2022-09-02,38.625064849853516,40.75,41.25,40.25,40.25,13712700
2022-09-05,37.677207946777344,39.75,41.0,39.5,40.75,10606000
2022-09-06,37.9141731262207,40.0,40.25,39.5,39.75,11937700
2022-09-07,37.440242767333984,39.5,40.25,39.25,40.0,9518400
2022-09-08,38.388099670410156,40.5,41.5,40.25,40.5,27370600
2022-09-09,38.625064849853516,40.75,41.0,40.0,40.75,20141600
2022-09-12,38.625064849853516,40.75,41.25,40.5,41.0,8518300
2022-09-13,38.388099670410156,40.5,41.0,40.25,40.75,7233000
2022-09-14,37.9141731262207,40.0,40.25,39.75,39.75,13460200
2022-09-15,37.9141731262207,40.0,40.25,39.5,40.0,11370800
2022-09-16,36.72935485839844,38.75,40.0,38.75,39.75,22032700
2022-09-19,36.72935485839844,38.75,39.25,38.5,39.0,6919800
2022-09-20,37.677207946777344,39.75,40.25,39.0,39.25,22332400
2022-09-21,36.96631622314453,39.0,39.75,38.75,39.5,14781800
2022-09-22,37.440242767333984,39.5,39.75,38.75,38.75,20891900
2022-09-23,36.72935485839844,38.75,39.75,38.75,39.5,12230200
2022-09-26,36.49238967895508,38.5,38.75,38.0,38.75,13348100
2022-09-27,38.1511344909668,40.25,40.5,38.75,38.75,21885000
2022-09-28,37.9141731262207,40.0,40.5,39.5,39.75,16400100
2022-09-29,37.677207946777344,39.75,40.75,39.75,40.0,19329200
2022-09-30,37.440242767333984,39.5,39.75,39.25,39.75,7709000
2022-10-03,36.018463134765625,38.0,39.75,37.75,39.5,17411000
2022-10-04,37.677207946777344,39.75,39.75,38.5,39.0,15796000
2022-10-05,37.440242767333984,39.5,40.5,39.5,39.75,17181900
2022-10-06,37.440242767333984,39.5,40.25,39.5,40.0,9838600
2022-10-07,37.20328140258789,39.25,39.75,38.75,39.5,6802100
2022-10-10,36.96631622314453,39.0,39.5,38.75,38.75,5527800
2022-10-11,36.72935485839844,38.75,39.25,38.75,39.0,3634800
2022-10-12,37.20328140258789,39.25,39.25,38.5,39.0,7882600
2022-10-17,37.677207946777344,39.75,40.5,39.0,40.25,11886600
2022-10-18,37.9141731262207,40.0,40.25,39.75,39.75,6575400
2022-10-19,37.677207946777344,39.75,40.25,39.5,40.0,7115900
2022-10-20,38.1511344909668,40.25,40.25,39.5,39.5,5640000
2022-10-21,38.1511344909668,40.25,40.5,40.0,40.25,4233600
2022-10-25,38.625064849853516,40.75,41.0,40.25,40.5,9000300
2022-10-26,38.388099670410156,40.5,41.0,40.0,41.0,8114100
2022-10-27,39.33595275878906,41.5,41.75,40.25,40.5,15648200
2022-10-28,39.80988311767578,42.0,42.0,41.0,41.75,19778400
2022-10-31,39.80988311767578,42.0,42.75,41.75,42.75,14405700
2022-11-01,39.57291793823242,41.75,42.25,41.25,42.25,16651400
2022-11-02,39.33595275878906,41.5,42.0,41.25,41.75,12328800
2022-11-03,39.0989875793457,41.25,42.0,41.0,41.5,12923300
2022-11-04,38.86202621459961,41.0,41.75,41.0,41.25,10620100
2022-11-07,38.1511344909668,40.25,41.0,40.25,41.0,15812900
2022-11-08,38.625064849853516,40.75,41.25,40.0,40.25,11307600
2022-11-09,38.1511344909668,40.25,41.0,40.0,41.0,8958800
2022-11-10,38.388099670410156,40.5,40.75,40.0,40.5,8021100
2022-11-11,38.86202621459961,41.0,42.0,40.75,41.0,27803300
2022-11-14,39.33595275878906,41.5,42.0,41.0,41.25,15033000
2022-11-15,39.0989875793457,41.25,41.75,41.0,41.5,10486200
2022-11-16,39.33595275878906,41.5,42.0,41.25,41.25,11966900
2022-11-17,39.80988311767578,42.0,42.0,41.0,41.25,8859200
2022-11-18,39.80988311767578,42.0,42.25,41.75,42.0,7403800
2022-11-21,40.283809661865234,42.5,42.5,42.0,42.25,15026800
2022-11-22,40.52077102661133,42.75,43.0,42.0,42.75,20138000
2022-11-23,40.52077102661133,42.75,43.0,42.25,42.75,14032900
2022-11-24,40.52077102661133,42.75,43.0,42.25,43.0,10786100
2022-11-25,40.52077102661133,42.75,43.0,42.0,42.75,11537500
2022-11-28,40.046844482421875,42.25,42.75,42.0,42.5,9853700
2022-11-29,40.283809661865234,42.5,42.5,41.75,42.5,13508000
2022-11-30,40.75773620605469,43.0,43.75,42.0,42.25,44403800
2022-12-01,41.70559310913086,44.0,44.25,43.0,43.25,29507800
2022-12-02,41.4686279296875,43.75,44.0,43.5,43.5,11672200
2022-12-06,41.4686279296875,43.75,44.0,43.25,43.75,11238300
2022-12-07,40.99469757080078,43.25,44.0,43.25,43.5,7855200
2022-12-08,40.99469757080078,43.25,43.5,43.0,43.25,3166900
2022-12-09,41.23166275024414,43.5,43.5,43.0,43.25,6942500
2022-12-13,41.4686279296875,43.75,44.0,43.25,43.75,8349900
2022-12-14,41.70559310913086,44.0,44.25,43.25,43.75,9562000
2022-12-15,40.99469757080078,43.25,44.0,43.0,44.0,16963600
2022-12-16,41.4686279296875,43.75,44.0,43.0,43.25,14550000
2022-12-19,42.653446197509766,45.0,45.0,43.75,43.75,17921800
2022-12-20,42.416481018066406,44.75,45.5,44.0,45.0,16636200
2022-12-21,42.416481018066406,44.75,45.0,44.25,44.75,8774300
2022-12-22,42.653446197509766,45.0,45.25,44.5,45.0,7559700
2022-12-23,43.12736892700195,45.5,45.5,44.75,44.75,5505800
2022-12-26,43.12736892700195,45.5,45.75,45.25,45.5,3133500
2022-12-27,43.36433410644531,45.75,46.0,45.25,45.75,8417600
2022-12-28,43.838260650634766,46.25,46.75,45.75,45.75,18566500
2022-12-29,44.54915237426758,47.0,47.25,46.0,46.25,9635100
2022-12-30,43.838260650634766,46.25,47.25,46.25,47.0,10822500
2023-01-03,43.838260650634766,46.25,46.5,46.25,46.5,9881000
2023-01-04,45.02307891845703,47.5,47.75,46.25,46.5,15711300
2023-01-05,43.60129928588867,46.0,48.0,45.75,47.75,18751800
2023-01-06,43.838260650634766,46.25,46.5,46.0,46.25,6811600
2023-01-09,43.838260650634766,46.25,47.0,46.25,46.75,7893500
2023-01-10,42.416481018066406,44.75,46.5,44.5,46.25,20408700
2023-01-11,42.890403747558594,45.25,45.75,44.75,45.25,14755800
2023-01-12,41.94255447387695,44.25,45.5,44.25,45.5,12936500
2023-01-13,42.17951965332031,44.5,45.0,44.0,44.25,11256800
2023-01-16,40.99469757080078,43.25,44.5,43.0,44.5,17962800
2023-01-17,40.99469757080078,43.25,43.75,43.0,43.25,16952500
2023-01-18,41.23166275024414,43.5,43.75,43.0,43.5,11038000
2023-01-19,41.70559310913086,44.0,44.25,43.25,43.5,11985100
2023-01-20,40.99469757080078,43.25,44.25,43.0,44.25,12031200
2023-01-23,40.75773620605469,43.0,43.5,43.0,43.5,7740000
2023-01-24,41.23166275024414,43.5,43.75,43.0,43.0,7408100
2023-01-25,41.4686279296875,43.75,44.25,43.25,43.75,11756400
2023-01-26,41.23166275024414,43.5,43.75,43.0,43.75,10463500
2023-01-27,41.4686279296875,43.75,43.75,43.0,43.5,8640700
2023-01-30,40.75773620605469,43.0,44.0,42.75,44.0,15022100
2023-01-31,40.283809661865234,42.5,43.0,42.5,42.75,15187100
2023-02-01,41.23166275024414,43.5,43.5,42.75,42.75,11136100
2023-02-02,41.94255447387695,44.25,44.75,43.75,44.0,18744700
2023-02-03,42.416481018066406,44.75,45.0,43.75,44.0,11470500
2023-02-06,42.17951965332031,44.5,45.0,44.25,44.75,8418100
2023-02-07,41.94255447387695,44.25,44.5,43.75,44.5,10166900
2023-02-08,41.94255447387695,44.25,44.5,44.0,44.25,11168500
2023-02-09,43.12736892700195,45.5,45.5,44.0,44.5,14129300
2023-02-10,43.12736892700195,45.5,45.5,44.75,45.25,8149000
2023-02-13,43.36433410644531,45.75,46.0,45.0,45.0,9358200
2023-02-14,42.653446197509766,45.0,46.0,45.0,45.75,12927300
2023-02-15,42.416481018066406,44.75,45.25,44.5,44.75,10654300
2023-02-16,42.890403747558594,45.25,45.25,44.5,44.75,5102300
2023-02-17,41.70559310913086,44.0,45.0,44.0,44.5,8901400
2023-02-20,41.94255447387695,44.25,44.75,44.0,44.25,5803400
2023-02-21,42.416481018066406,44.75,45.25,44.25,44.25,5778000
2023-02-22,42.890403747558594,45.25,45.75,45.0,45.0,14736300
2023-02-23,42.890403747558594,45.25,45.5,44.75,45.5,6983400
2023-02-24,41.70559310913086,44.0,45.25,43.75,44.75,13213300
2023-02-27,41.94255447387695,44.25,44.5,44.0,44.0,8913600
2023-02-28,42.416481018066406,44.75,45.0,44.0,44.75,12698300
2023-03-01,42.653446197509766,45.0,47.5,45.0,46.0,39501600
2023-03-02,42.890403747558594,45.25,45.5,44.5,44.75,10301400
2023-03-03,41.70559310913086,44.0,45.0,43.75,45.0,11847300
2023-03-07,41.70559310913086,44.0,44.5,43.5,44.25,9212100
2023-03-08,41.94255447387695,44.25,44.25,43.0,43.75,16433200
2023-03-09,41.94255447387695,44.25,44.75,44.0,44.25,13723300
2023-03-10,40.99469757080078,43.25,44.0,43.0,43.75,6093400
2023-03-13,39.80988311767578,42.0,43.5,41.75,42.75,12799400
2023-03-14,39.33595275878906,41.5,42.75,41.25,41.75,24281200
2023-03-15,41.23166275024414,43.5,44.0,42.0,42.25,14327900
2023-03-16,41.70559310913086,44.0,44.25,42.5,43.0,14888200
2023-03-17,41.70559310913086,44.0,44.25,43.5,44.0,15331700
2023-03-20,41.4686279296875,43.75,44.5,43.25,43.5,14942100
2023-03-21,41.94255447387695,44.25,44.5,43.5,43.75,7951400
2023-03-22,42.653446197509766,45.0,45.25,44.25,44.5,11332900
2023-03-23,43.36433410644531,45.75,46.0,45.0,45.25,8260900
2023-03-24,43.36433410644531,45.75,46.25,45.5,46.0,11478200
2023-03-27,43.12736892700195,45.5,46.0,45.25,45.75,5426500
2023-03-28,42.653446197509766,45.0,45.75,44.75,45.5,8663900
2023-03-29,42.653446197509766,45.0,45.25,44.75,45.0,4873300
2023-03-30,41.70559310913086,44.0,45.0,43.75,45.0,9239500
2023-03-31,42.416481018066406,44.75,45.0,44.0,44.0,12346100
2023-04-03,42.653446197509766,45.0,45.0,44.5,45.0,5429700
2023-04-04,42.17951965332031,44.5,45.25,44.5,45.25,4109500
2023-04-05,42.416481018066406,44.75,45.25,44.5,44.5,7715400
2023-04-07,42.653446197509766,45.0,45.25,44.75,45.0,3785400
2023-04-10,42.890403747558594,45.25,45.75,44.5,45.0,4954000
2023-04-11,42.890403747558594,45.25,45.25,44.5,45.0,4967400
2023-04-12,42.17951965332031,44.5,45.25,44.25,45.25,8496200
2023-04-17,42.416481018066406,44.75,44.75,43.75,44.25,5656900
2023-04-18,42.416481018066406,44.75,45.75,44.5,44.75,11059200
2023-04-19,41.4686279296875,43.75,45.0,43.75,44.5,13305400
2023-04-20,41.23166275024414,43.5,44.25,43.5,43.75,5739200
2023-04-21,41.94255447387695,44.25,44.25,43.5,43.5,6807400
2023-04-24,41.94255447387695,44.25,44.5,43.5,44.0,5988400
2023-04-25,41.70559310913086,44.0,44.75,43.75,44.75,5540100
2023-04-26,41.94255447387695,44.25,44.5,43.75,44.0,4993500
2023-04-27,42.17951965332031,44.5,45.0,44.0,44.25,4750900
2023-04-28,42.416481018066406,44.75,45.0,44.25,44.75,7689200
2023-05-02,42.416481018066406,44.75,45.0,44.0,45.0,6240500
2023-05-03,43.60129928588867,46.0,46.0,44.25,44.25,14372900
2023-05-08,43.5821418762207,45.5,46.5,44.75,46.25,11390800
2023-05-09,43.82160568237305,45.75,46.0,45.25,45.25,5138600
2023-05-10,43.5821418762207,45.5,46.0,45.0,45.25,3828200
2023-05-11,44.53998947143555,46.5,46.75,45.5,45.75,7858500
2023-05-12,44.53998947143555,46.5,46.75,45.75,46.5,8662800
2023-05-15,43.34267807006836,45.25,47.0,44.75,47.0,12947000
2023-05-16,43.82160568237305,45.75,46.25,45.0,45.25,6453300
2023-05-17,41.905906677246094,43.75,46.0,43.25,45.75,15284200
2023-05-18,41.18751907348633,43.0,44.0,43.0,43.5,10554600
2023-05-19,40.46913146972656,42.25,43.25,42.0,43.0,7039300
2023-05-22,40.948055267333984,42.75,43.0,40.5,41.25,12092900
2023-05-23,41.18751907348633,43.0,43.0,42.0,42.25,10080900
2023-05-24,40.708595275878906,42.5,43.0,42.25,43.0,5176000
2023-05-25,39.99020767211914,41.75,42.25,41.25,42.0,7750300
2023-05-26,40.229671478271484,42.0,42.25,41.5,41.75,4979100
2023-05-29,40.708595275878906,42.5,42.75,41.75,42.0,7058200
2023-05-30,39.99020767211914,41.75,42.75,41.5,42.5,11767200
2023-05-31,40.229671478271484,42.0,42.0,41.25,41.5,7032400
2023-06-01,38.79289627075195,40.5,42.0,40.0,42.0,14965200
2023-06-02,38.55343246459961,40.25,40.75,39.75,40.5,11570600
2023-06-06,37.35612106323242,39.0,40.75,38.75,40.75,13859500
2023-06-07,37.595584869384766,39.25,39.5,38.5,39.0,13363000
2023-06-08,39.0323600769043,40.75,41.0,39.0,39.0,9582700
2023-06-09,39.0323600769043,40.75,41.0,40.0,41.0,14723300
2023-06-12,38.79289627075195,40.5,40.75,40.0,40.75,3927600
2023-06-13,39.271820068359375,41.0,41.5,40.5,40.5,9080100
2023-06-14,38.31397247314453,40.0,41.0,39.5,41.0,13728200
2023-06-15,38.07450866699219,39.75,40.25,39.5,39.75,4961500
2023-06-16,38.31397247314453,40.0,40.5,39.5,40.0,8780500
2023-06-19,38.07450866699219,39.75,40.0,39.25,39.75,4582800
2023-06-20,37.835044860839844,39.5,40.25,39.5,40.0,7252700
2023-06-21,37.595584869384766,39.25,40.0,39.0,39.5,9833100
2023-06-22,37.116661071777344,38.75,39.5,38.75,39.25,4743800
2023-06-23,36.39827346801758,38.0,38.75,37.0,38.75,19454700
2023-06-26,36.63773727416992,38.25,38.75,37.5,37.5,6700800
2023-06-27,36.158809661865234,37.75,38.5,37.5,38.25,7353700
2023-06-28,35.20096206665039,36.75,37.75,36.75,37.75,12794100
2023-06-29,34.96149826049805,36.5,37.5,36.25,36.75,13933100
2023-06-30,37.35612106323242,39.0,39.5,37.75,38.0,23071700
2023-07-03,37.595584869384766,39.25,39.5,38.25,39.0,18097500
2023-07-04,38.55343246459961,40.25,40.75,39.25,39.25,24242200
2023-07-05,37.835044860839844,39.5,40.5,39.5,40.25,8499600
2023-07-06,37.35612106323242,39.0,39.25,38.5,39.0,11631100
2023-07-07,37.116661071777344,38.75,39.25,37.75,38.0,8464900
2023-07-10,37.35612106323242,39.0,39.25,38.25,38.75,6771500
2023-07-11,37.35612106323242,39.0,39.25,38.75,38.75,6399600
2023-07-12,36.877197265625,38.5,39.5,38.5,39.25,8396300
2023-07-13,36.63773727416992,38.25,38.75,37.75,38.0,5449500
2023-07-14,37.835044860839844,39.5,39.5,38.25,38.5,10019600
2023-07-17,38.79289627075195,40.5,40.5,38.75,39.25,13080400
2023-07-18,38.07450866699219,39.75,41.25,39.75,40.5,12372900
2023-07-19,39.0323600769043,40.75,41.0,40.0,40.0,12314000
2023-07-20,39.0323600769043,40.75,41.25,40.5,40.75,7280000
2023-07-21,39.271820068359375,41.0,41.5,40.25,40.75,10184700
2023-07-24,39.0323600769043,40.75,41.5,40.5,41.0,5730400
2023-07-25,39.0323600769043,40.75,41.0,40.0,40.75,8691500
2023-07-26,39.0323600769043,40.75,41.25,40.75,40.75,2959300
2023-07-27,40.46913146972656,42.25,42.5,40.75,41.25,10351100
2023-07-31,39.51128005981445,41.25,41.75,41.25,41.5,3638500
2023-08-02,39.271820068359375,41.0,41.75,41.0,41.25,4738200
2023-08-03,38.07450866699219,39.75,41.0,39.75,40.75,10612300
2023-08-04,37.835044860839844,39.5,40.0,39.0,39.5,9181900
2023-08-07,37.35612106323242,39.0,39.75,38.5,39.5,11460700
2023-08-08,36.39827346801758,38.0,39.25,38.25,39.25,8325400
2023-08-09,37.35612106323242,39.0,39.0,37.75,38.0,7345900
2023-08-10,37.35612106323242,39.0,39.25,38.25,39.0,8526900
2023-08-11,37.835044860839844,39.5,39.75,39.0,39.25,8453600
2023-08-15,37.116661071777344,38.75,39.5,38.5,39.5,6526000
2023-08-16,36.877197265625,38.5,38.75,37.5,38.0,16168400
2023-08-17,37.35612106323242,39.0,39.0,38.0,38.25,17000800
2023-08-18,37.35612106323242,39.0,39.25,38.5,39.0,13182500
2023-08-21,37.835044860839844,39.5,40.0,39.0,39.0,10290900
2023-08-22,39.51128005981445,41.25,42.0,40.0,40.25,40664100
2023-08-23,39.51128005981445,41.25,41.5,40.75,41.25,16350200
2023-08-24,39.7507438659668,41.5,41.5,41.0,41.25,8254700
2023-08-25,39.0323600769043,40.75,41.25,40.5,41.25,11181400
2023-08-28,39.51128005981445,41.25,42.0,41.0,41.0,15909300
2023-08-29,39.271820068359375,41.0,41.5,40.75,41.25,7171700
2023-08-30,39.0323600769043,40.75,41.5,40.5,41.5,11587700
2023-08-31,39.51128005981445,41.25,41.5,40.5,40.75,18168500
2023-09-01,39.0323600769043,40.75,41.5,40.5,41.5,10393800
2023-09-04,38.31397247314453,40.0,40.75,39.5,40.5,8495100
2023-09-05,38.55343246459961,40.25,40.75,39.75,39.75,5791100
2023-09-06,39.271820068359375,41.0,41.0,39.75,40.25,8775700
2023-09-07,39.7507438659668,41.5,41.5,40.5,40.75,6782700
2023-09-08,39.51128005981445,41.25,42.5,41.25,41.75,19394600
2023-09-11,39.271820068359375,41.0,41.75,40.75,41.5,6224900
2023-09-12,39.271820068359375,41.0,41.5,40.5,41.0,5960200
2023-09-13,39.7507438659668,41.5,41.75,40.5,41.0,7215000
2023-09-14,39.271820068359375,41.0,41.75,40.5,41.75,8985500
2023-09-15,37.595584869384766,39.25,41.0,38.75,40.75,47644000
2023-09-18,37.835044860839844,39.5,40.25,39.0,39.25,15891300
2023-09-19,37.835044860839844,39.5,39.75,39.0,39.5,7856900
2023-09-20,37.595584869384766,39.25,39.25,38.75,39.25,9044000
2023-09-21,37.835044860839844,39.5,39.75,39.0,39.0,7924700
2023-09-22,38.07450866699219,39.75,40.25,39.5,39.5,8489400
2023-09-25,37.835044860839844,39.5,40.0,39.25,39.75,4285700
2023-09-26,37.595584869384766,39.25,40.0,39.0,39.5,11710700
2023-09-27,36.877197265625,38.5,39.0,38.0,38.75,16449700
2023-09-28,36.158809661865234,37.75,38.5,37.25,38.0,20425500
2023-09-29,37.116661071777344,38.75,39.5,38.5,39.0,17047500
2023-10-02,37.595584869384766,39.25,39.5,38.75,39.25,6079700
2023-10-03,37.35612106323242,39.0,39.25,38.75,39.0,11220700
2023-10-04,38.07450866699219,39.75,40.25,38.5,38.75,32256500
2023-10-05,37.835044860839844,39.5,40.0,39.25,40.0,7265800
2023-10-06,37.35612106323242,39.0,39.75,38.75,39.75,7345800
2023-10-09,36.63773727416992,38.25,38.75,38.0,38.75,11916500
2023-10-10,37.116661071777344,38.75,38.75,37.5,38.5,15496800
2023-10-11,37.35612106323242,39.0,39.5,38.5,38.75,12299000
2023-10-12,37.35612106323242,39.0,39.5,38.75,39.25,16124400
2023-10-16,36.877197265625,38.5,38.75,37.75,38.5,8505400
2023-10-17,37.595584869384766,39.25,39.25,38.5,38.75,9230000
2023-10-18,37.116661071777344,38.75,39.25,38.5,39.25,5547200
2023-10-19,36.63773727416992,38.25,38.5,37.0,37.75,17590400
2023-10-20,36.158809661865234,37.75,38.25,37.5,38.0,6160500
2023-10-24,36.39827346801758,38.0,38.25,37.25,37.5,5918300
2023-10-25,36.877197265625,38.5,39.0,38.25,38.25,6808200
2023-10-26,36.63773727416992,38.25,38.75,38.0,38.25,5011100
2023-10-27,36.877197265625,38.5,39.0,38.0,39.0,3759800
2023-10-30,36.63773727416992,38.25,38.75,38.0,38.25,9289400
2023-10-31,35.20096206665039,36.75,38.25,36.25,38.25,23935900
2023-11-01,35.44042205810547,37.0,37.5,36.75,37.0,7571100
2023-11-02,35.67988586425781,37.25,37.75,37.25,37.75,4818300
2023-11-03,35.44042205810547,37.0,37.75,36.75,37.5,14242600
2023-11-06,35.91934585571289,37.5,38.0,37.25,37.5,9094300
2023-11-07,35.67988586425781,37.25,37.75,36.75,37.25,13154800
2023-11-08,35.67988586425781,37.25,37.75,37.0,37.25,10204500
2023-11-09,35.67988586425781,37.25,37.5,36.5,37.25,7052600
2023-11-10,36.63773727416992,38.25,39.5,36.5,36.75,25317500
2023-11-13,37.116661071777344,38.75,39.0,37.75,38.25,11652400
2023-11-14,36.63773727416992,38.25,39.0,37.75,39.0,9762800
2023-11-15,37.595584869384766,39.25,39.75,38.75,38.75,12998700
2023-11-16,37.35612106323242,39.0,39.5,38.75,39.25,4441500
2023-11-17,37.835044860839844,39.5,39.5,38.75,39.0,4789200
2023-11-20,37.595584869384766,39.25,39.25,38.75,39.25,9714800
2023-11-21,37.35612106323242,39.0,39.5,38.75,39.5,4170000
2023-11-22,37.116661071777344,38.75,39.0,38.75,39.0,3287700
2023-11-23,37.116661071777344,38.75,39.25,38.75,38.75,1582200
2023-11-24,36.63773727416992,38.25,39.0,37.75,39.0,8954900
2023-11-27,36.877197265625,38.5,38.5,37.5,38.0,5670200
2023-11-28,37.116661071777344,38.75,39.25,38.25,38.75,7047900
2023-11-29,37.116661071777344,38.75,39.25,38.75,39.0,7126300
2023-11-30,36.158809661865234,37.75,39.25,37.5,39.25,13226800
2023-12-01,36.877197265625,38.5,39.0,37.75,38.0,6031200
2023-12-04,37.116661071777344,38.75,39.0,38.5,38.75,2482500
2023-12-06,36.877197265625,38.5,39.0,38.25,38.75,3805900
2023-12-07,36.877197265625,38.5,38.75,38.0,38.75,7935900
2023-12-08,37.116661071777344,38.75,39.25,38.5,38.75,6065200
2023-12-12,36.877197265625,38.5,39.0,38.0,38.75,3993400
2023-12-13,36.158809661865234,37.75,38.75,37.0,38.5,9556300
2023-12-14,36.63773727416992,38.25,38.5,37.75,38.0,6604200
2023-12-15,37.835044860839844,39.5,39.5,38.25,38.5,14867800
2023-12-18,38.31397247314453,40.0,40.0,39.0,39.5,9319500
2023-12-19,38.07450866699219,39.75,39.75,39.25,39.75,3640400
2023-12-20,38.31397247314453,40.0,40.0,39.25,39.5,4749300
2023-12-21,38.31397247314453,40.0,40.0,39.25,39.5,8474400
2023-12-22,38.55343246459961,40.25,40.25,39.5,40.0,6386200
2023-12-25,38.55343246459961,40.25,40.25,39.75,40.25,6480800
2023-12-26,38.79289627075195,40.5,40.75,40.25,40.25,8196100
2023-12-27,39.0323600769043,40.75,41.25,40.5,40.75,11285100
2023-12-28,39.271820068359375,41.0,41.5,40.5,40.75,7283800
2024-01-03,37.835044860839844,39.5,40.5,39.25,40.25,12736400
2024-01-04,37.595584869384766,39.25,39.5,38.25,38.75,10138900
2024-01-05,37.835044860839844,39.5,39.5,38.75,39.0,4797000
2024-01-08,37.35612106323242,39.0,39.5,38.75,39.25,3976700
2024-01-09,37.595584869384766,39.25,39.5,39.0,39.5,3749900
2024-01-10,37.595584869384766,39.25,39.75,38.75,39.0,4967300
2024-01-11,37.116661071777344,38.75,39.25,38.25,39.0,8795500
2024-01-12,36.877197265625,38.5,38.75,38.25,38.5,10409100
2024-01-15,36.877197265625,38.5,39.0,38.25,38.75,2344400
2024-01-16,36.63773727416992,38.25,38.75,37.75,38.5,6246400
2024-01-17,36.158809661865234,37.75,38.25,37.25,38.25,11409300
2024-01-18,35.67988586425781,37.25,38.0,36.75,37.75,14394800
2024-01-19,33.76418685913086,35.25,37.25,35.0,37.0,37180800
2024-01-22,32.806339263916016,34.25,35.25,34.0,35.0,18369700
2024-01-23,32.806339263916016,34.25,35.0,34.25,34.5,7972200
2024-01-24,33.52472686767578,35.0,35.75,34.5,34.5,15387500
2024-01-25,33.28526306152344,34.75,35.5,34.5,34.75,4699900
2024-01-26,33.28526306152344,34.75,34.75,34.0,34.75,5495600
2024-01-29,33.52472686767578,35.0,35.5,34.75,35.0,7350700
2024-01-30,32.56687545776367,34.0,34.75,33.0,34.75,22873200
2024-01-31,31.84848976135254,33.25,34.0,33.0,34.0,16649500
2024-02-01,31.36956214904785,32.75,33.75,32.25,33.5,13542000
2024-02-02,31.609025955200195,33.0,33.25,32.75,33.25,11782200
2024-02-05,30.89063835144043,32.25,33.0,32.0,33.0,14408800
2024-02-06,31.36956214904785,32.75,33.0,32.0,32.0,30501300
2024-02-07,32.32741165161133,33.75,34.0,32.5,33.0,18182800
2024-02-08,32.087947845458984,33.5,34.25,33.25,33.75,18420100
2024-02-09,32.087947845458984,33.5,34.0,33.25,33.75,8536400
2024-02-12,33.045799255371094,34.5,34.75,33.0,33.5,20658800
2024-02-13,33.52472686767578,35.0,35.5,34.25,34.5,14021600
2024-02-14,33.28526306152344,34.75,35.25,34.5,35.0,9129300
2024-02-15,33.045799255371094,34.5,35.0,34.0,34.75,17287800
2024-02-16,32.806339263916016,34.25,34.75,33.5,34.75,18866000
2024-02-19,32.56687545776367,34.0,34.5,34.0,34.25,4917200
2024-02-20,32.56687545776367,34.0,34.25,33.75,34.0,9177800
2024-02-21,32.56687545776367,34.0,34.5,33.5,34.25,12614300
2024-02-22,33.045799255371094,34.5,35.0,34.0,34.0,11026000
2024-02-23,33.28526306152344,34.75,34.75,34.5,34.5,5040400
2024-02-27,32.56687545776367,34.0,34.5,33.75,34.25,11832200
2024-02-28,32.56687545776367,34.0,34.25,33.5,34.0,5813000
2024-02-29,33.28526306152344,34.75,35.0,34.0,34.75,15848500
2024-03-01,34.00364685058594,35.5,36.25,34.75,35.0,19684600
2024-03-04,34.00364685058594,35.5,36.0,35.5,35.75,9317300
2024-03-05,34.24311065673828,35.75,36.0,34.75,35.25,8393000
2024-03-06,34.24311065673828,35.75,36.25,35.25,35.75,5630600
2024-03-07,34.72203826904297,36.25,36.5,35.5,35.75,8600700
2024-03-08,34.72203826904297,36.25,36.75,36.0,36.25,5951200
2024-03-11,34.24311065673828,35.75,36.75,35.75,36.25,5803000
2024-03-12,34.24311065673828,35.75,35.75,35.75,35.75,0
2024-03-13,34.24311065673828,35.75,36.25,35.5,35.5,6991600
2024-03-14,35.20096206665039,36.75,36.75,35.5,35.75,7498700
2024-03-15,35.20096206665039,36.75,36.75,36.75,36.75,0
2024-03-18,35.67988586425781,37.25,37.5,36.5,36.75,12852300
2024-03-19,35.67988586425781,37.25,37.5,37.0,37.0,8692000
2024-03-20,35.67988586425781,37.25,37.75,36.75,37.5,15793100
2024-03-21,35.20096206665039,36.75,37.5,36.5,37.5,10800900
2024-03-22,35.20096206665039,36.75,36.75,36.75,36.75,0
2024-03-25,34.24311065673828,35.75,37.0,35.5,36.5,9563500
2024-03-26,34.72203826904297,36.25,36.25,35.25,35.75,9026200
2024-03-27,34.482574462890625,36.0,36.5,35.75,35.75,4232800
2024-03-28,34.482574462890625,36.0,36.0,36.0,36.0,0
2024-03-29,34.24311065673828,35.75,36.0,35.5,36.0,3150000
2024-04-01,33.76418685913086,35.25,36.0,34.75,36.0,17291300
2024-04-02,33.28526306152344,34.75,35.25,34.25,34.75,34806500
2024-04-03,33.76418685913086,35.25,35.75,34.75,34.75,8893200
2024-04-04,33.52472686767578,35.0,35.5,35.0,35.5,13086100
2024-04-05,33.52472686767578,35.0,35.25,34.75,34.75,4719100
2024-04-09,35.20096206665039,36.75,36.75,35.25,35.25,14289600
2024-04-10,35.20096206665039,36.75,36.75,36.75,36.75,0
2024-04-11,34.96149826049805,36.5,37.0,36.0,36.75,8314200
2024-04-17,34.96149826049805,36.5,36.5,36.5,36.5,0
2024-04-18,33.045799255371094,34.5,35.5,34.0,35.0,12067300
2024-04-19,33.045799255371094,34.5,34.5,34.5,34.5,0
2024-04-22,32.32741165161133,33.75,34.25,33.25,34.0,17342500
2024-04-23,32.32741165161133,33.75,34.5,33.75,34.0,17408700
2024-04-24,32.32741165161133,33.75,34.25,33.5,34.0,11667400
2024-04-25,32.56687545776367,34.0,34.5,33.25,33.75,7521100
2024-04-26,32.56687545776367,34.0,34.25,33.5,34.0,7168300
2024-04-29,32.56687545776367,34.0,34.25,33.5,34.25,7637100
2024-04-30,33.045799255371094,34.5,34.75,34.0,34.0,11704600
2024-05-02,30.89063835144043,32.25,34.0,31.75,33.75,52442000
2024-05-03,31.42659568786621,32.25,32.25,31.5,31.75,20831400
2024-05-07,31.42659568786621,32.25,32.25,32.25,32.25,0
2024-05-08,31.42659568786621,32.25,32.5,31.75,32.25,12859700
2024-05-09,31.42659568786621,32.25,32.75,32.0,32.25,17388300
2024-05-10,29.964895248413086,30.75,32.25,30.5,32.25,36325400
2024-05-13,30.452129364013672,31.25,31.5,30.5,30.5,9694800
2024-05-14,31.42659568786621,32.25,32.5,31.75,32.0,20012200
2024-05-15,31.182979583740234,32.0,32.5,31.75,32.25,10830600
2024-05-16,31.182979583740234,32.0,32.0,32.0,32.0,0
2024-05-17,31.67021369934082,32.5,32.75,32.0,32.25,7836400
2024-05-20,31.67021369934082,32.5,33.0,32.25,32.75,5262900
2024-05-21,31.182979583740234,32.0,32.5,31.75,32.5,8913100
2024-05-23,31.182979583740234,32.0,32.25,31.25,31.75,12233500
2024-05-24,31.182979583740234,32.0,32.25,32.0,32.0,1611800
2024-05-27,31.42659568786621,32.25,32.5,31.75,32.5,4642500
2024-05-28,31.182979583740234,32.0,32.25,31.75,32.25,2784300
2024-05-29,30.452129364013672,31.25,32.0,31.25,32.0,6455100
2024-05-30,30.452129364013672,31.25,31.5,31.0,31.25,6022300
2024-05-31,29.721277236938477,30.5,31.75,30.0,31.25,22173400
2024-06-04,29.964895248413086,30.75,31.0,30.25,30.75,6217000
2024-06-05,29.721277236938477,30.5,31.0,30.25,30.75,3682400
2024-06-06,30.208511352539062,31.0,31.75,30.75,30.75,11280700
2024-06-07,30.452129364013672,31.25,31.25,30.5,31.0,4143000
2024-06-10,29.964895248413086,30.75,31.0,30.25,31.0,6953700
2024-06-11,29.964895248413086,30.75,31.25,30.5,30.75,7847500
2024-06-12,30.208511352539062,31.0,31.5,30.5,31.0,7893700
2024-06-13,30.452129364013672,31.25,31.5,31.0,31.25,4857500
2024-06-14,30.208511352539062,31.0,31.25,30.5,31.25,7812300
2024-06-17,29.721277236938477,30.5,31.0,30.0,31.0,11475900
2024-06-18,29.721277236938477,30.5,30.5,30.5,30.5,0
2024-06-19,29.4776611328125,30.25,30.75,29.75,30.25,8782900
2024-06-20,27.772340774536133,28.5,30.75,28.0,30.25,26013300
2024-06-21,28.746809005737305,29.5,29.5,28.25,28.75,17151800
2024-06-24,29.721277236938477,30.5,31.0,29.25,29.25,12661700
2024-06-25,30.452129364013672,31.25,31.5,30.25,30.5,12790000
2024-06-26,30.452129364013672,31.25,31.25,31.25,31.25,0
2024-06-27,29.964895248413086,30.75,31.0,30.5,30.75,5222000
2024-06-28,29.964895248413086,30.75,31.0,30.25,31.0,4575100
2024-07-01,29.4776611328125,30.25,30.75,30.0,30.75,4374600
2024-07-02,28.990427017211914,29.75,30.25,29.25,30.25,6980700
2024-07-03,28.746809005737305,29.5,29.75,29.25,29.5,5172200
2024-07-04,30.452129364013672,31.25,32.25,30.0,30.25,21279300
2024-07-05,30.208511352539062,31.0,31.5,30.5,31.5,6231500
2024-07-08,30.69574546813965,31.5,31.5,30.75,31.0,10573800
2024-07-09,30.939363479614258,31.75,32.5,31.0,31.25,7914200
2024-07-10,30.939363479614258,31.75,32.0,31.5,31.75,4115000
2024-07-11,31.182979583740234,32.0,32.0,31.25,31.75,8269900
2024-07-12,31.67021369934082,32.5,32.75,32.0,32.5,10696900
2024-07-15,31.67021369934082,32.5,32.5,32.5,32.5,0
2024-07-16,31.182979583740234,32.0,33.0,31.5,32.25,23015900
2024-07-17,31.182979583740234,32.0,32.5,31.5,32.25,6917400
2024-07-18,31.42659568786621,32.25,32.5,31.75,32.25,7509400
2024-07-19,31.67021369934082,32.5,32.75,32.0,32.5,8121300
2024-07-23,31.67021369934082,32.5,32.5,31.5,32.5,9183500
2024-07-24,31.42659568786621,32.25,32.5,31.75,32.5,5397600
2024-07-25,30.939363479614258,31.75,32.5,31.75,32.0,4764900
2024-07-26,31.67021369934082,32.5,32.5,31.75,32.0,4238000
2024-07-30,31.67021369934082,32.5,32.5,32.5,32.5,0
2024-07-31,30.939363479614258,31.75,32.0,31.5,31.75,6911500
2024-08-01,30.208511352539062,31.0,31.75,30.75,31.75,10804300
2024-08-02,28.990427017211914,29.75,30.75,29.25,30.5,20020400
2024-08-05,26.79787254333496,27.5,29.25,26.5,29.0,29884400
2024-08-06,25.579788208007812,26.25,28.0,26.0,28.0,23321700
2024-08-07,25.579788208007812,26.25,27.25,25.75,26.75,21200500
2024-08-08,26.0670223236084,26.75,27.0,26.0,26.25,8492700
2024-08-09,25.336170196533203,26.0,27.0,25.75,27.0,7924900
2024-08-13,25.092554092407227,25.75,26.5,25.5,26.25,3478900
2024-08-14,25.336170196533203,26.0,26.5,25.75,26.25,7886000
2024-08-15,24.36170196533203,25.0,26.0,24.200000762939453,26.0,24122800
2024-08-16,25.82340431213379,26.5,27.0,25.25,25.75,16354700
2024-08-19,25.82340431213379,26.5,26.5,26.5,26.5,0
2024-08-20,26.79787254333496,27.5,28.25,27.5,27.75,11686200
2024-08-21,27.04149055480957,27.75,28.0,27.5,27.75,3044700
2024-08-22,27.528724670410156,28.25,28.5,27.75,27.75,7794000
2024-08-23,27.772340774536133,28.5,29.0,28.0,28.25,10354700
2024-08-26,28.015958786010742,28.75,28.75,28.25,28.5,6329500
2024-08-27,27.772340774536133,28.5,28.75,28.25,28.5,9871500
2024-08-28,28.25957489013672,29.0,29.25,28.5,28.5,29521400
2024-08-29,28.503192901611328,29.25,29.75,29.0,29.0,7587100
2024-08-30,28.746809005737305,29.5,29.5,28.5,29.25,12751500
2024-09-02,28.25957489013672,29.0,29.5,28.75,29.25,5861400
2024-09-03,28.990427017211914,29.75,30.25,28.75,29.0,8509200
2024-09-04,28.746809005737305,29.5,30.0,29.0,29.5,8972000
2024-09-05,30.208511352539062,31.0,31.25,29.5,29.75,19916200
2024-09-06,32.401065826416016,33.25,33.75,32.0,32.75,38400700
2024-09-09,32.401065826416016,33.25,33.25,33.25,33.25,0
2024-09-10,30.69574546813965,31.5,32.25,31.25,32.25,15608100
2024-09-11,30.69574546813965,31.5,31.75,30.75,31.5,12471300
2024-09-12,30.939363479614258,31.75,32.25,31.5,32.0,3859900
2024-09-13,30.939363479614258,31.75,32.0,31.5,32.0,6286200
2024-09-16,31.42659568786621,32.25,32.75,31.5,31.5,9173600
2024-09-17,31.42659568786621,32.25,32.75,32.25,32.25,4568800
2024-09-18,31.913829803466797,32.75,33.0,32.25,32.25,7407100
2024-09-19,32.401065826416016,33.25,33.5,32.25,32.75,11705200
2024-09-20,32.64468002319336,33.5,33.75,33.5,33.5,13172500
2024-09-23,32.88829803466797,33.75,33.75,32.75,33.5,8845400
2024-09-24,32.401065826416016,33.25,34.0,33.0,34.0,8911200
2024-09-25,32.401065826416016,33.25,33.75,33.0,33.5,7995900
2024-09-26,31.67021369934082,32.5,33.25,32.0,33.25,16860500
2024-09-27,30.939363479614258,31.75,32.5,31.75,32.5,17376600
2024-09-30,30.208511352539062,31.0,31.5,30.5,31.5,29535500
2024-10-01,31.42659568786621,32.25,32.75,31.25,31.25,15735600
2024-10-02,30.939363479614258,31.75,32.25,31.5,32.0,11812300
2024-10-03,30.939363479614258,31.75,32.5,31.5,31.5,15611700
2024-10-04,31.182979583740234,32.0,32.25,31.5,32.0,10677400
2024-10-07,31.182979583740234,32.0,32.0,32.0,32.0,0
2024-10-08,32.88829803466797,33.75,34.25,33.25,33.5,26159900
2024-10-09,32.64468002319336,33.5,34.0,33.25,33.5,8618400
2024-10-10,32.64468002319336,33.5,34.25,33.5,34.0,5867400
2024-10-11,32.88829803466797,33.75,34.0,33.5,33.5,4602100
2024-10-15,32.157447814941406,33.0,34.0,32.75,33.75,8197600
2024-10-16,32.88829803466797,33.75,34.0,32.75,32.75,11856900
2024-10-17,32.88829803466797,33.75,34.5,33.75,34.25,8685800
2024-10-18,33.13191604614258,34.0,34.25,33.5,34.0,5171500
2024-10-21,32.64468002319336,33.5,34.5,33.5,34.0,5517600
2024-10-22,32.157447814941406,33.0,33.5,32.75,33.25,6007500
2024-10-24,30.452129364013672,31.25,33.0,31.25,33.0,10232500
2024-10-25,30.939363479614258,31.75,32.0,31.25,31.5,6745600
2024-10-28,30.208511352539062,31.0,31.75,30.75,31.75,9467000
2024-10-29,30.452129364013672,31.25,31.75,31.0,31.25,5605200
2024-10-30,30.452129364013672,31.25,31.5,30.75,31.0,3074000
2024-10-31,31.182979583740234,32.0,32.0,31.0,31.0,9214000
2024-11-01,30.452129364013672,31.25,31.75,31.25,31.75,4234700
2024-11-04,30.939363479614258,31.75,32.25,31.5,31.5,4168800
2024-11-05,31.67021369934082,32.5,32.75,31.5,31.75,7178400
2024-11-06,30.69574546813965,31.5,32.5,31.25,32.25,9653200
2024-11-07,30.69574546813965,31.5,31.75,31.5,31.5,3148100
2024-11-08,30.452129364013672,31.25,32.0,30.75,31.5,6332600
2024-11-11,30.69574546813965,31.5,32.0,30.75,31.0,4867300
2024-11-12,30.452129364013672,31.25,31.75,30.75,31.75,4317200
2024-11-13,29.964895248413086,30.75,31.5,30.5,31.0,4596400
2024-11-14,31.913829803466797,32.75,34.25,32.75,33.25,32728000
2024-11-15,32.64468002319336,33.5,33.5,32.75,32.75,8345700
2024-11-18,32.64468002319336,33.5,33.75,33.0,33.75,5121600
2024-11-19,32.88829803466797,33.75,34.25,33.5,34.0,8999800
2024-11-20,32.64468002319336,33.5,34.0,33.5,33.75,3567000
2024-11-21,32.64468002319336,33.5,34.5,33.5,34.25,6261100
2024-11-22,33.13191604614258,34.0,34.5,33.5,33.75,6153500
2024-11-25,34.10638427734375,35.0,35.0,34.0,34.5,17861600
2024-11-26,33.61914825439453,34.5,35.25,34.25,35.0,8393700
2024-11-27,33.13191604614258,34.0,34.5,33.75,34.25,4896900
2024-11-28,33.37553405761719,34.25,34.75,33.75,34.0,6159500
2024-11-29,32.64468002319336,33.5,34.25,33.5,34.0,5433200
2024-12-02,33.37553405761719,34.25,34.5,33.75,33.75,8683700
2024-12-03,33.61914825439453,34.5,35.0,34.0,34.5,12399800
2024-12-04,32.88829803466797,33.75,35.0,33.5,34.5,11469600
2024-12-06,33.13191604614258,34.0,34.5,33.5,33.5,9139000
2024-12-09,33.13191604614258,34.0,34.5,33.75,33.75,5342600
2024-12-11,33.37553405761719,34.25,35.0,34.0,34.0,6957400
2024-12-12,32.88829803466797,33.75,34.25,33.5,34.25,7837900
2024-12-13,32.64468002319336,33.5,34.25,33.5,33.75,4577000
2024-12-16,32.88829803466797,33.75,34.25,33.0,33.75,8338800
2024-12-17,32.88829803466797,33.75,35.5,33.5,34.0,15294600
2024-12-18,33.37553405761719,34.25,35.0,32.75,34.0,23259900
2024-12-19,33.13191604614258,34.0,34.5,33.0,33.75,18910200
2024-12-20,33.37553405761719,34.25,34.75,33.25,34.0,21922900
2024-12-23,34.35000228881836,35.25,35.25,34.25,34.5,9203900
2024-12-24,34.35000228881836,35.25,36.0,35.0,35.5,9375800
2024-12-25,34.10638427734375,35.0,35.5,34.75,35.25,3698400
2024-12-26,33.61914825439453,34.5,35.25,34.25,35.0,6645900
2024-12-27,34.10638427734375,35.0,35.25,34.5,34.75,4952000
2024-12-30,33.13191604614258,34.0,35.25,34.0,35.0,7442200
2025-01-02,33.37553405761719,34.25,34.25,33.75,34.0,3642600
2025-01-03,32.157447814941406,33.0,34.5,32.75,34.5,11033700
2025-01-06,32.88829803466797,33.75,34.25,32.75,33.0,10502000
2025-01-07,33.37553405761719,34.25,34.5,33.5,33.75,4912500
2025-01-08,33.86276626586914,34.75,34.75,34.0,34.5,4617800
2025-01-09,32.88829803466797,33.75,34.5,33.5,34.25,3365300
2025-01-10,33.13191604614258,34.0,34.5,32.5,33.75,12266800
2025-01-13,32.88829803466797,33.75,34.0,33.0,33.5,5952500
2025-01-14,32.157447814941406,33.0,34.25,33.0,33.75,8064800
2025-01-15,33.13191604614258,34.0,34.25,32.75,33.0,9562600
2025-01-16,34.35000228881836,35.25,35.75,34.25,34.5,12954500
2025-01-17,33.61914825439453,34.5,35.5,34.5,35.25,10184000
2025-01-20,33.61914825439453,34.5,35.0,34.25,34.5,4860100
2025-01-21,33.61914825439453,34.5,34.75,34.25,34.75,4703900
2025-01-22,33.37553405761719,34.25,35.0,33.75,35.0,6704200
2025-01-23,32.88829803466797,33.75,34.0,33.5,34.0,6005500
2025-01-24,33.37553405761719,34.25,34.5,33.75,34.0,3970100
2025-01-27,33.37553405761719,34.25,34.5,34.0,34.25,1734300
2025-01-28,33.86276626586914,34.75,34.75,33.75,34.5,5416800
2025-01-29,33.86276626586914,34.75,35.0,34.5,34.75,4165100
2025-01-30,33.37553405761719,34.25,34.75,33.75,34.5,6579300
2025-01-31,32.401065826416016,33.25,34.25,33.0,34.25,9044000
2025-02-03,32.157447814941406,33.0,33.0,32.0,33.0,9046700
2025-02-04,32.88829803466797,33.75,34.0,33.0,33.5,4414200
2025-02-05,32.64468002319336,33.5,34.0,33.0,33.75,6389400
2025-02-06,32.64468002319336,33.5,33.5,33.0,33.25,5185200
2025-02-07,32.401065826416016,33.25,34.0,32.75,33.75,8346600
2025-02-10,32.157447814941406,33.0,33.5,32.75,33.0,6652900
2025-02-11,33.13191604614258,34.0,34.25,32.75,33.0,7778900
2025-02-13,33.13191604614258,34.0,35.0,33.75,34.0,6734200
2025-02-14,33.61914825439453,34.5,34.75,34.0,34.0,6183700
2025-02-17,33.86276626586914,34.75,35.75,34.25,35.5,6544700
2025-02-18,35.08085250854492,36.0,36.0,34.75,34.75,6933500
2025-02-19,33.61914825439453,34.5,35.75,34.25,35.75,10604000
2025-02-20,32.88829803466797,33.75,34.25,33.5,34.0,8210300
2025-02-21,33.61914825439453,34.5,34.75,33.5,33.5,4895600
2025-02-24,32.64468002319336,33.5,34.25,33.5,34.0,4006700
2025-02-25,31.913829803466797,32.75,33.75,32.5,33.5,10630700
2025-02-26,32.64468002319336,33.5,34.0,32.5,32.75,6898600
2025-02-27,33.37553405761719,34.25,34.25,33.0,33.0,5653800
2025-02-28,32.64468002319336,33.5,33.5,30.5,32.25,27804700
2025-03-03,30.452129364013672,31.25,33.0,30.75,32.75,15974100
2025-03-04,29.23404312133789,30.0,31.25,29.75,31.0,16894600
2025-03-05,30.69574546813965,31.5,32.0,29.5,30.0,19645900
2025-03-06,29.4776611328125,30.25,31.75,29.75,31.75,10451500
2025-03-07,30.208511352539062,31.0,31.5,30.25,30.5,8798600
2025-03-10,29.4776611328125,30.25,30.75,30.0,30.25,5388100
2025-03-11,29.23404312133789,30.0,30.25,28.75,30.25,15061300
2025-03-12,27.04149055480957,27.75,29.5,27.5,29.5,23570500
2025-03-13,26.79787254333496,27.5,28.25,27.25,27.75,10230700
2025-03-14,27.04149055480957,27.75,28.0,27.0,27.25,7771200
2025-03-17,26.0670223236084,26.75,27.75,26.5,27.5,13554600
2025-03-18,26.310638427734375,27.0,27.5,26.5,27.0,5919800
2025-03-19,27.285106658935547,28.0,28.5,27.25,27.25,11518500
2025-03-20,26.554256439208984,27.25,28.0,27.0,28.0,8860600
2025-03-21,26.310638427734375,27.0,27.5,26.5,27.25,20302100
2025-03-24,26.0670223236084,26.75,27.25,26.25,26.75,6086700
2025-03-25,25.092554092407227,25.75,26.75,25.5,26.75,12675100
2025-03-26,25.579788208007812,26.25,26.5,25.5,25.5,7588900
2025-03-27,25.092554092407227,25.75,26.25,25.25,26.0,10033600
2025-03-28,24.848936080932617,25.5,25.75,25.0,25.75,7291900
2025-03-31,24.36170196533203,25.0,25.5,24.700000762939453,25.0,12652900
2025-04-01,24.60531997680664,25.25,26.0,25.25,25.75,5811000
2025-04-02,25.092554092407227,25.75,26.0,25.5,25.5,3776700
2025-04-03,25.092554092407227,25.75,25.75,25.0,25.5,5942700
2025-04-04,24.26425552368164,24.899999618530273,25.5,24.600000381469727,25.5,13614400
2025-04-08,22.6076602935791,23.200000762939453,24.700000762939453,23.100000381469727,24.399999618530273,13872300
2025-04-09,21.82808494567871,22.399999618530273,23.600000381469727,21.799999237060547,23.299999237060547,19441400
2025-04-10,22.6076602935791,23.200000762939453,24.799999237060547,23.0,24.100000381469727,21588200
2025-04-11,22.41276741027832,23.0,23.700000762939453,22.600000381469727,23.100000381469727,8883100
2025-04-16,22.802553176879883,23.399999618530273,23.5,22.700000762939453,22.799999237060547,14122900
2025-04-17,22.900001525878906,23.5,23.700000762939453,23.200000762939453,23.399999618530273,6573300
2025-04-18,23.28978729248047,23.899999618530273,23.899999618530273,23.299999237060547,23.600000381469727,4329500
2025-04-21,22.51021385192871,23.100000381469727,23.600000381469727,22.799999237060547,23.600000381469727,9478000
2025-04-22,22.900001525878906,23.5,23.600000381469727,22.899999618530273,23.0,12574100
2025-04-23,22.997447967529297,23.600000381469727,23.899999618530273,23.399999618530273,23.700000762939453,5723300
2025-04-24,22.900001525878906,23.5,23.600000381469727,23.0,23.299999237060547,8325500
2025-04-25,23.192340850830078,23.799999237060547,24.0,23.5,23.5,5731000
2025-04-28,22.802553176879883,23.399999618530273,23.700000762939453,23.200000762939453,23.600000381469727,4939100
2025-04-29,22.802553176879883,23.399999618530273,23.899999618530273,23.0,23.5,10335300
2025-04-30,23.094894409179688,23.700000762939453,23.799999237060547,23.200000762939453,23.299999237060547,9458200
2025-05-02,22.900001525878906,23.5,24.200000762939453,23.299999237060547,23.799999237060547,12780300
2025-05-06,21.600000381469727,21.600000381469727,22.799999237060547,21.600000381469727,22.700000762939453,24193800
2025-05-07,21.799999237060547,21.799999237060547,22.0,21.299999237060547,21.899999618530273,39255900
2025-05-08,20.700000762939453,20.700000762939453,21.700000762939453,20.5,21.700000762939453,38852700
2025-05-09,21.0,21.0,21.0,20.5,20.899999618530273,21135800
2025-05-13,20.899999618530273,20.899999618530273,21.299999237060547,20.899999618530273,21.100000381469727,21933000
2025-05-14,19.600000381469727,19.600000381469727,20.200000762939453,19.100000381469727,20.200000762939453,60236300
2025-05-15,19.100000381469727,19.100000381469727,19.799999237060547,19.0,19.600000381469727,32855400
2025-05-16,19.0,19.0,19.5,18.700000762939453,19.100000381469727,25711000
2025-05-19,18.899999618530273,18.899999618530273,19.100000381469727,18.200000762939453,18.600000381469727,22157900
2025-05-20,19.0,19.0,19.399999618530273,18.799999237060547,19.100000381469727,11611000
2025-05-21,18.5,18.5,19.299999237060547,18.299999237060547,19.100000381469727,34662900
2025-05-22,18.0,18.0,18.700000762939453,18.0,18.299999237060547,26336400
2025-05-23,18.700000762939453,18.700000762939453,18.799999237060547,17.399999618530273,18.399999618530273,66367200
2025-05-26,18.600000381469727,18.600000381469727,18.799999237060547,18.200000762939453,18.600000381469727,23109000
2025-05-27,18.5,18.5,19.0,18.0,18.5,34788200
2025-05-28,18.5,18.5,19.0,18.399999618530273,18.5,28979800
2025-05-29,18.299999237060547,18.299999237060547,18.799999237060547,18.200000762939453,18.799999237060547,28128600
2025-05-30,18.700000762939453,18.700000762939453,19.5,18.0,18.100000381469727,261340600
2025-06-04,19.299999237060547,19.299999237060547,19.600000381469727,18.299999237060547,18.5,79686900
2025-06-05,19.200000762939453,19.200000762939453,19.5,18.899999618530273,19.5,25528800
2025-06-06,19.200000762939453,19.200000762939453,19.299999237060547,18.899999618530273,19.100000381469727,22496500
2025-06-09,18.899999618530273,18.899999618530273,19.5,18.899999618530273,19.399999618530273,11763000
2025-06-10,18.700000762939453,18.700000762939453,19.200000762939453,18.700000762939453,18.899999618530273,22925300
2025-06-11,19.100000381469727,19.100000381469727,19.299999237060547,18.600000381469727,18.799999237060547,22205300
2025-06-12,18.399999618530273,18.399999618530273,19.0,18.299999237060547,19.0,28172800
2025-06-13,17.399999618530273,17.399999618530273,18.100000381469727,17.399999618530273,18.100000381469727,25676200
2025-06-16,17.399999618530273,17.399999618530273,17.600000381469727,16.899999618530273,17.5,23448400
2025-06-17,17.700000762939453,17.700000762939453,18.100000381469727,17.5,17.5,12183100
2025-06-18,17.399999618530273,17.399999618530273,17.899999618530273,17.299999237060547,17.5,13818300
2025-06-19,16.5,16.5,17.200000762939453,16.200000762939453,17.100000381469727,33779800
2025-06-20,16.299999237060547,16.299999237060547,16.799999237060547,16.299999237060547,16.5,27640900
2025-06-23,16.299999237060547,16.299999237060547,16.5,15.800000190734863,16.100000381469727,14830000
2025-06-24,17.399999618530273,17.399999618530273,17.399999618530273,16.600000381469727,16.700000762939453,31193000
2025-06-25,18.100000381469727,18.100000381469727,18.200000762939453,17.200000762939453,17.399999618530273,26653900
2025-06-26,18.100000381469727,18.100000381469727,18.700000762939453,17.700000762939453,17.799999237060547,19030900
2025-06-27,17.600000381469727,17.600000381469727,18.200000762939453,17.5,18.0,15706600
2025-06-30,17.700000762939453,17.700000762939453,18.0,17.5,17.600000381469727,12792100
2025-07-01,18.200000762939453,18.200000762939453,18.200000762939453,17.399999618530273,17.899999618530273,14234100
2025-07-02,18.0,18.0,18.200000762939453,17.5,18.0,21796100
2025-07-03,18.399999618530273,18.399999618530273,18.600000381469727,17.799999237060547,17.799999237060547,23047200
2025-07-04,18.899999618530273,18.899999618530273,19.5,18.399999618530273,18.5,30737300
2025-07-07,18.299999237060547,18.299999237060547,18.700000762939453,18.200000762939453,18.700000762939453,13983900
2025-07-08,18.100000381469727,18.100000381469727,18.200000762939453,17.700000762939453,18.0,19395100
2025-07-09,17.899999618530273,17.899999618530273,18.100000381469727,17.700000762939453,18.100000381469727,12461300
2025-07-11,17.799999237060547,17.799999237060547,18.100000381469727,17.600000381469727,17.799999237060547,18405200
2025-07-14,18.600000381469727,18.600000381469727,18.799999237060547,17.799999237060547,17.799999237060547,14214900
2025-07-15,20.100000381469727,20.100000381469727,20.299999237060547,18.600000381469727,18.600000381469727,30567500
2025-07-16,19.899999618530273,19.899999618530273,20.100000381469727,19.700000762939453,19.899999618530273,15795700
2025-07-17,20.299999237060547,20.299999237060547,20.5,19.899999618530273,20.100000381469727,23850000
2025-07-18,20.700000762939453,20.700000762939453,20.899999618530273,20.100000381469727,20.200000762939453,24477200
2025-07-21,20.700000762939453,20.700000762939453,20.899999618530273,20.399999618530273,20.799999237060547,16659600
2025-07-22,20.200000762939453,20.200000762939453,20.799999237060547,20.100000381469727,20.700000762939453,17898600
2025-07-23,21.200000762939453,21.200000762939453,21.5,20.299999237060547,20.399999618530273,24826000
2025-07-24,21.0,21.0,21.700000762939453,20.899999618530273,21.100000381469727,20905700
2025-07-25,21.0,21.0,21.299999237060547,20.700000762939453,20.700000762939453,9861800
2025-07-29,21.399999618530273,21.399999618530273,21.600000381469727,20.600000381469727,20.899999618530273,13817900
2025-07-30,21.799999237060547,21.799999237060547,21.899999618530273,21.100000381469727,21.399999618530273,17151300
2025-07-31,21.5,21.5,21.799999237060547,21.200000762939453,21.700000762939453,18117200
2025-08-01,20.399999618530273,20.399999618530273,22.0,20.399999618530273,22.0,20994700
2025-08-04,20.600000381469727,20.600000381469727,21.0,20.100000381469727,20.5,11564700
2025-08-05,21.399999618530273,21.399999618530273,21.600000381469727,20.600000381469727,20.899999618530273,20639300
2025-08-06,22.399999618530273,22.399999618530273,22.5,21.200000762939453,21.299999237060547,21597900
2025-08-07,22.100000381469727,22.100000381469727,22.5,22.0,22.399999618530273,12647200
2025-08-08,21.5,21.5,22.100000381469727,21.299999237060547,22.0,14545300
2025-08-13,21.299999237060547,21.299999237060547,21.700000762939453,21.100000381469727,21.399999618530273,5357921
