y_true,prob_up,y_pred,date,signal,position,turnover,tc,pnl,equity
1,0.6667837,1,0,1,1.0,1.0,0.002,0.998,1.998
0,0.61460024,1,1,1,1.0,0.0,0.0,-1.0,0.0
0,0.60050017,1,2,1,1.0,0.0,0.0,-1.0,0.0
0,0.62021697,1,3,1,1.0,0.0,0.0,-1.0,0.0
0,0.6181283,1,4,1,1.0,0.0,0.0,-1.0,0.0
0,0.52576625,1,5,1,1.0,0.0,0.0,-1.0,0.0
0,0.50095606,1,6,1,1.0,0.0,0.0,-1.0,0.0
1,0.4595855,0,7,0,0.0,1.0,0.002,-0.002,0.0
0,0.40629694,0,8,0,0.0,0.0,0.0,-0.0,0.0
0,0.3814785,0,9,0,0.0,0.0,0.0,-0.0,0.0
0,0.3137652,0,10,0,0.0,0.0,0.0,-0.0,0.0
0,0.20384464,0,11,0,0.0,0.0,0.0,-0.0,0.0
0,0.10888877,0,12,0,0.0,0.0,0.0,-0.0,0.0
0,0.116090134,0,13,0,0.0,0.0,0.0,-0.0,0.0
0,0.12141057,0,14,0,0.0,0.0,0.0,-0.0,0.0
0,0.1573301,0,15,0,0.0,0.0,0.0,-0.0,0.0
0,0.1238337,0,16,0,0.0,0.0,0.0,-0.0,0.0
0,0.12891544,0,17,0,0.0,0.0,0.0,-0.0,0.0
0,0.09910255,0,18,0,0.0,0.0,0.0,-0.0,0.0
0,0.08379129,0,19,0,0.0,0.0,0.0,-0.0,0.0
0,0.06922333,0,20,0,0.0,0.0,0.0,-0.0,0.0
0,0.06966168,0,21,0,0.0,0.0,0.0,-0.0,0.0
0,0.068108,0,22,0,0.0,0.0,0.0,-0.0,0.0
0,0.06319784,0,23,0,0.0,0.0,0.0,-0.0,0.0
0,0.045904063,0,24,0,0.0,0.0,0.0,-0.0,0.0
0,0.0640909,0,25,0,0.0,0.0,0.0,-0.0,0.0
1,0.08587666,0,26,0,0.0,0.0,0.0,0.0,0.0
1,0.11359555,0,27,0,0.0,0.0,0.0,0.0,0.0
1,0.13079062,0,28,0,0.0,0.0,0.0,0.0,0.0
1,0.16061673,0,29,0,0.0,0.0,0.0,0.0,0.0
1,0.26612556,0,30,0,0.0,0.0,0.0,0.0,0.0
1,0.36532402,0,31,0,0.0,0.0,0.0,0.0,0.0
1,0.47330436,0,32,0,0.0,0.0,0.0,0.0,0.0
1,0.73981965,1,33,1,1.0,1.0,0.002,0.998,0.0
1,0.8698981,1,34,1,1.0,0.0,0.0,1.0,0.0
1,0.9126921,1,35,1,1.0,0.0,0.0,1.0,0.0
0,0.91999274,1,36,1,1.0,0.0,0.0,-1.0,0.0
0,0.92868704,1,37,1,1.0,0.0,0.0,-1.0,0.0
0,0.92361975,1,38,1,1.0,0.0,0.0,-1.0,0.0
1,0.9278194,1,39,1,1.0,0.0,0.0,1.0,0.0
1,0.9289675,1,40,1,1.0,0.0,0.0,1.0,0.0
1,0.9327034,1,41,1,1.0,0.0,0.0,1.0,0.0
1,0.9390888,1,42,1,1.0,0.0,0.0,1.0,0.0
1,0.93232393,1,43,1,1.0,0.0,0.0,1.0,0.0
1,0.5751513,1,44,1,1.0,0.0,0.0,1.0,0.0
1,0.18424535,0,45,0,0.0,1.0,0.002,-0.002,0.0
1,0.11354478,0,46,0,0.0,0.0,0.0,0.0,0.0
1,0.05588017,0,47,0,0.0,0.0,0.0,0.0,0.0
0,0.038444478,0,48,0,0.0,0.0,0.0,-0.0,0.0
0,0.04202079,0,49,0,0.0,0.0,0.0,-0.0,0.0
0,0.041624352,0,50,0,0.0,0.0,0.0,-0.0,0.0
0,0.09721127,0,51,0,0.0,0.0,0.0,-0.0,0.0
0,0.17174941,0,52,0,0.0,0.0,0.0,-0.0,0.0
1,0.3001319,0,53,0,0.0,0.0,0.0,0.0,0.0
0,0.38677183,0,54,0,0.0,0.0,0.0,-0.0,0.0
1,0.4504578,0,55,0,0.0,0.0,0.0,0.0,0.0
0,0.48527852,0,56,0,0.0,0.0,0.0,-0.0,0.0
0,0.49027655,0,57,0,0.0,0.0,0.0,-0.0,0.0
0,0.5446835,1,58,1,1.0,1.0,0.002,-1.002,-0.0
0,0.5254097,1,59,1,1.0,0.0,0.0,-1.0,-0.0
0,0.4733579,0,60,0,0.0,1.0,0.002,-0.002,-0.0
0,0.47341612,0,61,0,0.0,0.0,0.0,-0.0,-0.0
0,0.4652901,0,62,0,0.0,0.0,0.0,-0.0,-0.0
0,0.39255542,0,63,0,0.0,0.0,0.0,-0.0,-0.0
0,0.38160577,0,64,0,0.0,0.0,0.0,-0.0,-0.0
0,0.35665947,0,65,0,0.0,0.0,0.0,-0.0,-0.0
0,0.23457672,0,66,0,0.0,0.0,0.0,-0.0,-0.0
0,0.13722384,0,67,0,0.0,0.0,0.0,-0.0,-0.0
1,0.2422476,0,68,0,0.0,0.0,0.0,0.0,-0.0
1,0.17320935,0,69,0,0.0,0.0,0.0,0.0,-0.0
1,0.10380406,0,70,0,0.0,0.0,0.0,0.0,-0.0
1,0.082860194,0,71,0,0.0,0.0,0.0,0.0,-0.0
1,0.09266398,0,72,0,0.0,0.0,0.0,0.0,-0.0
1,0.031261366,0,73,0,0.0,0.0,0.0,0.0,-0.0
1,0.023840189,0,74,0,0.0,0.0,0.0,0.0,-0.0
0,0.023961708,0,75,0,0.0,0.0,0.0,-0.0,-0.0
0,0.047891278,0,76,0,0.0,0.0,0.0,-0.0,-0.0
1,0.13550264,0,77,0,0.0,0.0,0.0,0.0,-0.0
1,0.31689826,0,78,0,0.0,0.0,0.0,0.0,-0.0
1,0.5652262,1,79,1,1.0,1.0,0.002,0.998,-0.0
1,0.7254591,1,80,1,1.0,0.0,0.0,1.0,-0.0
1,0.813344,1,81,1,1.0,0.0,0.0,1.0,-0.0
1,0.8178453,1,82,1,1.0,0.0,0.0,1.0,-0.0
1,0.8262418,1,83,1,1.0,0.0,0.0,1.0,-0.0
1,0.7997526,1,84,1,1.0,0.0,0.0,1.0,-0.0
1,0.8218283,1,85,1,1.0,0.0,0.0,1.0,-0.0
1,0.83070797,1,86,1,1.0,0.0,0.0,1.0,-0.0
0,0.8335755,1,87,1,1.0,0.0,0.0,-1.0,-0.0
0,0.8407727,1,88,1,1.0,0.0,0.0,-1.0,-0.0
0,0.80924135,1,89,1,1.0,0.0,0.0,-1.0,-0.0
1,0.82835066,1,90,1,1.0,0.0,0.0,1.0,-0.0
1,0.8352423,1,91,1,1.0,0.0,0.0,1.0,-0.0
1,0.8372089,1,92,1,1.0,0.0,0.0,1.0,-0.0
1,0.736468,1,93,1,1.0,0.0,0.0,1.0,-0.0
1,0.6683331,1,94,1,1.0,0.0,0.0,1.0,-0.0
0,0.43142548,0,95,0,0.0,1.0,0.002,-0.002,-0.0
0,0.34415495,0,96,0,0.0,0.0,0.0,-0.0,-0.0
1,0.3900478,0,97,0,0.0,0.0,0.0,0.0,-0.0
0,0.3867545,0,98,0,0.0,0.0,0.0,-0.0,-0.0
0,0.40620223,0,99,0,0.0,0.0,0.0,-0.0,-0.0
0,0.2802382,0,100,0,0.0,0.0,0.0,-0.0,-0.0
0,0.2459085,0,101,0,0.0,0.0,0.0,-0.0,-0.0
0,0.2269147,0,102,0,0.0,0.0,0.0,-0.0,-0.0
0,0.24541607,0,103,0,0.0,0.0,0.0,-0.0,-0.0
1,0.29985985,0,104,0,0.0,0.0,0.0,0.0,-0.0
1,0.31814528,0,105,0,0.0,0.0,0.0,0.0,-0.0
0,0.2772107,0,106,0,0.0,0.0,0.0,-0.0,-0.0
1,0.2549016,0,107,0,0.0,0.0,0.0,0.0,-0.0
1,0.21999486,0,108,0,0.0,0.0,0.0,0.0,-0.0
1,0.19464147,0,109,0,0.0,0.0,0.0,0.0,-0.0
1,0.17568706,0,110,0,0.0,0.0,0.0,0.0,-0.0
1,0.14746685,0,111,0,0.0,0.0,0.0,0.0,-0.0
1,0.07852351,0,112,0,0.0,0.0,0.0,0.0,-0.0
0,0.054801412,0,113,0,0.0,0.0,0.0,-0.0,-0.0
0,0.053182118,0,114,0,0.0,0.0,0.0,-0.0,-0.0
1,0.040255267,0,115,0,0.0,0.0,0.0,0.0,-0.0
0,0.02580286,0,116,0,0.0,0.0,0.0,-0.0,-0.0
0,0.06305976,0,117,0,0.0,0.0,0.0,-0.0,-0.0
0,0.16407618,0,118,0,0.0,0.0,0.0,-0.0,-0.0
1,0.2790744,0,119,0,0.0,0.0,0.0,0.0,-0.0
0,0.3182127,0,120,0,0.0,0.0,0.0,-0.0,-0.0
1,0.5058377,1,121,1,1.0,1.0,0.002,0.998,-0.0
1,0.67006713,1,122,1,1.0,0.0,0.0,1.0,-0.0
1,0.7107931,1,123,1,1.0,0.0,0.0,1.0,-0.0
1,0.77293193,1,124,1,1.0,0.0,0.0,1.0,-0.0
1,0.7773271,1,125,1,1.0,0.0,0.0,1.0,-0.0
1,0.81963134,1,126,1,1.0,0.0,0.0,1.0,-0.0
1,0.8489188,1,127,1,1.0,0.0,0.0,1.0,-0.0
1,0.88246405,1,128,1,1.0,0.0,0.0,1.0,-0.0
1,0.88535726,1,129,1,1.0,0.0,0.0,1.0,-0.0
1,0.8505989,1,130,1,1.0,0.0,0.0,1.0,-0.0
1,0.7893782,1,131,1,1.0,0.0,0.0,1.0,-0.0
1,0.6613165,1,132,1,1.0,0.0,0.0,1.0,-0.0
1,0.33355987,0,133,0,0.0,1.0,0.002,-0.002,-0.0
1,0.2634047,0,134,0,0.0,0.0,0.0,0.0,-0.0
1,0.16898149,0,135,0,0.0,0.0,0.0,0.0,-0.0
1,0.25460503,0,136,0,0.0,0.0,0.0,0.0,-0.0
1,0.31809884,0,137,0,0.0,0.0,0.0,0.0,-0.0
1,0.36274654,0,138,0,0.0,0.0,0.0,0.0,-0.0
0,0.36551294,0,139,0,0.0,0.0,0.0,-0.0,-0.0
0,0.36885074,0,140,0,0.0,0.0,0.0,-0.0,-0.0
1,0.31045774,0,141,0,0.0,0.0,0.0,0.0,-0.0
0,0.25503868,0,142,0,0.0,0.0,0.0,-0.0,-0.0
0,0.23782308,0,143,0,0.0,0.0,0.0,-0.0,-0.0
0,0.23591657,0,144,0,0.0,0.0,0.0,-0.0,-0.0
0,0.22752903,0,145,0,0.0,0.0,0.0,-0.0,-0.0
0,0.20579895,0,146,0,0.0,0.0,0.0,-0.0,-0.0
0,0.19788341,0,147,0,0.0,0.0,0.0,-0.0,-0.0
0,0.1623097,0,148,0,0.0,0.0,0.0,-0.0,-0.0
0,0.21614066,0,149,0,0.0,0.0,0.0,-0.0,-0.0
1,0.23934245,0,150,0,0.0,0.0,0.0,0.0,-0.0
1,0.26061666,0,151,0,0.0,0.0,0.0,0.0,-0.0
1,0.28517538,0,152,0,0.0,0.0,0.0,0.0,-0.0
1,0.33989117,0,153,0,0.0,0.0,0.0,0.0,-0.0
1,0.3593717,0,154,0,0.0,0.0,0.0,0.0,-0.0
1,0.30898744,0,155,0,0.0,0.0,0.0,0.0,-0.0
0,0.29137638,0,156,0,0.0,0.0,0.0,-0.0,-0.0
0,0.23331782,0,157,0,0.0,0.0,0.0,-0.0,-0.0
0,0.24987751,0,158,0,0.0,0.0,0.0,-0.0,-0.0
0,0.2723322,0,159,0,0.0,0.0,0.0,-0.0,-0.0
0,0.19731557,0,160,0,0.0,0.0,0.0,-0.0,-0.0
0,0.23625068,0,161,0,0.0,0.0,0.0,-0.0,-0.0
0,0.20996873,0,162,0,0.0,0.0,0.0,-0.0,-0.0
1,0.25730917,0,163,0,0.0,0.0,0.0,0.0,-0.0
1,0.25605723,0,164,0,0.0,0.0,0.0,0.0,-0.0
1,0.2675879,0,165,0,0.0,0.0,0.0,0.0,-0.0
1,0.2632452,0,166,0,0.0,0.0,0.0,0.0,-0.0
1,0.2577313,0,167,0,0.0,0.0,0.0,0.0,-0.0
0,0.15728515,0,168,0,0.0,0.0,0.0,-0.0,-0.0
1,0.1589644,0,169,0,0.0,0.0,0.0,0.0,-0.0
1,0.14393999,0,170,0,0.0,0.0,0.0,0.0,-0.0
1,0.14030065,0,171,0,0.0,0.0,0.0,0.0,-0.0
1,0.13590537,0,172,0,0.0,0.0,0.0,0.0,-0.0
1,0.120331466,0,173,0,0.0,0.0,0.0,0.0,-0.0
1,0.105219014,0,174,0,0.0,0.0,0.0,0.0,-0.0
1,0.07696617,0,175,0,0.0,0.0,0.0,0.0,-0.0
1,0.096539035,0,176,0,0.0,0.0,0.0,0.0,-0.0
1,0.13449438,0,177,0,0.0,0.0,0.0,0.0,-0.0
1,0.12717962,0,178,0,0.0,0.0,0.0,0.0,-0.0
1,0.15398227,0,179,0,0.0,0.0,0.0,0.0,-0.0
1,0.16817795,0,180,0,0.0,0.0,0.0,0.0,-0.0
1,0.15592529,0,181,0,0.0,0.0,0.0,0.0,-0.0
1,0.1051281,0,182,0,0.0,0.0,0.0,0.0,-0.0
1,0.10039857,0,183,0,0.0,0.0,0.0,0.0,-0.0
1,0.13531871,0,184,0,0.0,0.0,0.0,0.0,-0.0
0,0.13235195,0,185,0,0.0,0.0,0.0,-0.0,-0.0
0,0.17800786,0,186,0,0.0,0.0,0.0,-0.0,-0.0
0,0.20042817,0,187,0,0.0,0.0,0.0,-0.0,-0.0
0,0.23140563,0,188,0,0.0,0.0,0.0,-0.0,-0.0
0,0.2519537,0,189,0,0.0,0.0,0.0,-0.0,-0.0
0,0.16408338,0,190,0,0.0,0.0,0.0,-0.0,-0.0
0,0.18302514,0,191,0,0.0,0.0,0.0,-0.0,-0.0
0,0.21569407,0,192,0,0.0,0.0,0.0,-0.0,-0.0
1,0.19216375,0,193,0,0.0,0.0,0.0,0.0,-0.0
1,0.17786588,0,194,0,0.0,0.0,0.0,0.0,-0.0
1,0.1868972,0,195,0,0.0,0.0,0.0,0.0,-0.0
1,0.20578966,0,196,0,0.0,0.0,0.0,0.0,-0.0
1,0.25700402,0,197,0,0.0,0.0,0.0,0.0,-0.0
1,0.27259088,0,198,0,0.0,0.0,0.0,0.0,-0.0
1,0.15519229,0,199,0,0.0,0.0,0.0,0.0,-0.0
0,0.064549066,0,200,0,0.0,0.0,0.0,-0.0,-0.0
0,0.11680201,0,201,0,0.0,0.0,0.0,-0.0,-0.0
1,0.22785139,0,202,0,0.0,0.0,0.0,0.0,-0.0
0,0.3041825,0,203,0,0.0,0.0,0.0,-0.0,-0.0
0,0.30618566,0,204,0,0.0,0.0,0.0,-0.0,-0.0
1,0.42543775,0,205,0,0.0,0.0,0.0,0.0,-0.0
1,0.4212269,0,206,0,0.0,0.0,0.0,0.0,-0.0
1,0.42230326,0,207,0,0.0,0.0,0.0,0.0,-0.0
1,0.3913152,0,208,0,0.0,0.0,0.0,0.0,-0.0
1,0.30112967,0,209,0,0.0,0.0,0.0,0.0,-0.0
0,0.1347261,0,210,0,0.0,0.0,0.0,-0.0,-0.0
1,0.14336482,0,211,0,0.0,0.0,0.0,0.0,-0.0
1,0.12208109,0,212,0,0.0,0.0,0.0,0.0,-0.0
0,0.16298087,0,213,0,0.0,0.0,0.0,-0.0,-0.0
1,0.20151332,0,214,0,0.0,0.0,0.0,0.0,-0.0
1,0.29042226,0,215,0,0.0,0.0,0.0,0.0,-0.0
0,0.176507,0,216,0,0.0,0.0,0.0,-0.0,-0.0
0,0.1584941,0,217,0,0.0,0.0,0.0,-0.0,-0.0
0,0.24224097,0,218,0,0.0,0.0,0.0,-0.0,-0.0
0,0.24381621,0,219,0,0.0,0.0,0.0,-0.0,-0.0
0,0.23144223,0,220,0,0.0,0.0,0.0,-0.0,-0.0
0,0.31547192,0,221,0,0.0,0.0,0.0,-0.0,-0.0
0,0.2830366,0,222,0,0.0,0.0,0.0,-0.0,-0.0
0,0.32670698,0,223,0,0.0,0.0,0.0,-0.0,-0.0
0,0.4356923,0,224,0,0.0,0.0,0.0,-0.0,-0.0
0,0.4808979,0,225,0,0.0,0.0,0.0,-0.0,-0.0
0,0.58081084,1,226,1,1.0,1.0,0.002,-1.002,0.0
0,0.5784252,1,227,1,1.0,0.0,0.0,-1.0,0.0
0,0.6559269,1,228,1,1.0,0.0,0.0,-1.0,0.0
0,0.69158256,1,229,1,1.0,0.0,0.0,-1.0,0.0
0,0.82712483,1,230,1,1.0,0.0,0.0,-1.0,0.0
1,0.88948864,1,231,1,1.0,0.0,0.0,1.0,0.0
0,0.7935667,1,232,1,1.0,0.0,0.0,-1.0,0.0
1,0.8737045,1,233,1,1.0,0.0,0.0,1.0,0.0
0,0.7605703,1,234,1,1.0,0.0,0.0,-1.0,0.0
1,0.81355345,1,235,1,1.0,0.0,0.0,1.0,0.0
1,0.69249964,1,236,1,1.0,0.0,0.0,1.0,0.0
1,0.6142342,1,237,1,1.0,0.0,0.0,1.0,0.0
1,0.47363198,0,238,0,0.0,1.0,0.002,-0.002,0.0
0,0.28096735,0,239,0,0.0,0.0,0.0,-0.0,0.0
1,0.16829734,0,240,0,0.0,0.0,0.0,0.0,0.0
0,0.045572452,0,241,0,0.0,0.0,0.0,-0.0,0.0
0,0.018409792,0,242,0,0.0,0.0,0.0,-0.0,0.0
0,0.019370312,0,243,0,0.0,0.0,0.0,-0.0,0.0
1,0.03860942,0,244,0,0.0,0.0,0.0,0.0,0.0
1,0.034864515,0,245,0,0.0,0.0,0.0,0.0,0.0
1,0.05741043,0,246,0,0.0,0.0,0.0,0.0,0.0
1,0.11799689,0,247,0,0.0,0.0,0.0,0.0,0.0
1,0.16825026,0,248,0,0.0,0.0,0.0,0.0,0.0
1,0.20381112,0,249,0,0.0,0.0,0.0,0.0,0.0
1,0.13570645,0,250,0,0.0,0.0,0.0,0.0,0.0
1,0.20320149,0,251,0,0.0,0.0,0.0,0.0,0.0
0,0.18694815,0,252,0,0.0,0.0,0.0,-0.0,0.0
0,0.2657118,0,253,0,0.0,0.0,0.0,-0.0,0.0
0,0.44689435,0,254,0,0.0,0.0,0.0,-0.0,0.0
0,0.47959048,0,255,0,0.0,0.0,0.0,-0.0,0.0
0,0.44108364,0,256,0,0.0,0.0,0.0,-0.0,0.0
0,0.65568817,1,257,1,1.0,1.0,0.002,-1.002,-0.0
1,0.7691606,1,258,1,1.0,0.0,0.0,1.0,-0.0
1,0.7727053,1,259,1,1.0,0.0,0.0,1.0,-0.0
1,0.8299833,1,260,1,1.0,0.0,0.0,1.0,-0.0
1,0.8487548,1,261,1,1.0,0.0,0.0,1.0,-0.0
1,0.8474818,1,262,1,1.0,0.0,0.0,1.0,-0.0
1,0.8545105,1,263,1,1.0,0.0,0.0,1.0,-0.0
0,0.7729769,1,264,1,1.0,0.0,0.0,-1.0,-0.0
0,0.75785506,1,265,1,1.0,0.0,0.0,-1.0,-0.0
0,0.7683688,1,266,1,1.0,0.0,0.0,-1.0,-0.0
0,0.7666976,1,267,1,1.0,0.0,0.0,-1.0,-0.0
0,0.7922494,1,268,1,1.0,0.0,0.0,-1.0,-0.0
0,0.7352488,1,269,1,1.0,0.0,0.0,-1.0,-0.0
0,0.7823723,1,270,1,1.0,0.0,0.0,-1.0,-0.0
1,0.8178386,1,271,1,1.0,0.0,0.0,1.0,-0.0
1,0.7560327,1,272,1,1.0,0.0,0.0,1.0,-0.0
1,0.79800373,1,273,1,1.0,0.0,0.0,1.0,-0.0
1,0.7896583,1,274,1,1.0,0.0,0.0,1.0,-0.0
1,0.7596314,1,275,1,1.0,0.0,0.0,1.0,-0.0
1,0.6935233,1,276,1,1.0,0.0,0.0,1.0,-0.0
0,0.5839789,1,277,1,1.0,0.0,0.0,-1.0,-0.0
1,0.49688086,0,278,0,0.0,1.0,0.002,-0.002,-0.0
0,0.38528794,0,279,0,0.0,0.0,0.0,-0.0,-0.0
0,0.37908486,0,280,0,0.0,0.0,0.0,-0.0,-0.0
0,0.34544903,0,281,0,0.0,0.0,0.0,-0.0,-0.0
0,0.30241597,0,282,0,0.0,0.0,0.0,-0.0,-0.0
0,0.25058386,0,283,0,0.0,0.0,0.0,-0.0,-0.0
1,0.31120783,0,284,0,0.0,0.0,0.0,0.0,-0.0
1,0.26979235,0,285,0,0.0,0.0,0.0,0.0,-0.0
0,0.21517734,0,286,0,0.0,0.0,0.0,-0.0,-0.0
0,0.22185037,0,287,0,0.0,0.0,0.0,-0.0,-0.0
0,0.23351073,0,288,0,0.0,0.0,0.0,-0.0,-0.0
0,0.2050325,0,289,0,0.0,0.0,0.0,-0.0,-0.0
0,0.23290923,0,290,0,0.0,0.0,0.0,-0.0,-0.0
1,0.2656452,0,291,0,0.0,0.0,0.0,0.0,-0.0
1,0.3121541,0,292,0,0.0,0.0,0.0,0.0,-0.0
1,0.32544625,0,293,0,0.0,0.0,0.0,0.0,-0.0
0,0.307959,0,294,0,0.0,0.0,0.0,-0.0,-0.0
0,0.26506826,0,295,0,0.0,0.0,0.0,-0.0,-0.0
0,0.25760752,0,296,0,0.0,0.0,0.0,-0.0,-0.0
0,0.26350263,0,297,0,0.0,0.0,0.0,-0.0,-0.0
0,0.25010794,0,298,0,0.0,0.0,0.0,-0.0,-0.0
0,0.3075774,0,299,0,0.0,0.0,0.0,-0.0,-0.0
1,0.42080483,0,300,0,0.0,0.0,0.0,0.0,-0.0
0,0.39625847,0,301,0,0.0,0.0,0.0,-0.0,-0.0
0,0.29595387,0,302,0,0.0,0.0,0.0,-0.0,-0.0
0,0.26222646,0,303,0,0.0,0.0,0.0,-0.0,-0.0
0,0.15272379,0,304,0,0.0,0.0,0.0,-0.0,-0.0
0,0.124293,0,305,0,0.0,0.0,0.0,-0.0,-0.0
1,0.16461007,0,306,0,0.0,0.0,0.0,0.0,-0.0
1,0.14218648,0,307,0,0.0,0.0,0.0,0.0,-0.0
1,0.10592236,0,308,0,0.0,0.0,0.0,0.0,-0.0
1,0.057830226,0,309,0,0.0,0.0,0.0,0.0,-0.0
1,0.052306883,0,310,0,0.0,0.0,0.0,0.0,-0.0
1,0.048346117,0,311,0,0.0,0.0,0.0,0.0,-0.0
1,0.037727322,0,312,0,0.0,0.0,0.0,0.0,-0.0
1,0.03708084,0,313,0,0.0,0.0,0.0,0.0,-0.0
1,0.049739406,0,314,0,0.0,0.0,0.0,0.0,-0.0
1,0.12721719,0,315,0,0.0,0.0,0.0,0.0,-0.0
1,0.27584842,0,316,0,0.0,0.0,0.0,0.0,-0.0
1,0.33785883,0,317,0,0.0,0.0,0.0,0.0,-0.0
1,0.35016808,0,318,0,0.0,0.0,0.0,0.0,-0.0
0,0.5396754,1,319,1,1.0,1.0,0.002,-1.002,0.0
0,0.5800218,1,320,1,1.0,0.0,0.0,-1.0,0.0
1,0.6925192,1,321,1,1.0,0.0,0.0,1.0,0.0
0,0.7723248,1,322,1,1.0,0.0,0.0,-1.0,0.0
1,0.7981036,1,323,1,1.0,0.0,0.0,1.0,0.0
1,0.8175082,1,324,1,1.0,0.0,0.0,1.0,0.0
1,0.78347105,1,325,1,1.0,0.0,0.0,1.0,0.0
0,0.62075603,1,326,1,1.0,0.0,0.0,-1.0,0.0
1,0.69007295,1,327,1,1.0,0.0,0.0,1.0,0.0
0,0.59419864,1,328,1,1.0,0.0,0.0,-1.0,0.0
0,0.54969895,1,329,1,1.0,0.0,0.0,-1.0,0.0
0,0.62571967,1,330,1,1.0,0.0,0.0,-1.0,0.0
0,0.67622113,1,331,1,1.0,0.0,0.0,-1.0,0.0
0,0.68956095,1,332,1,1.0,0.0,0.0,-1.0,0.0
0,0.7149685,1,333,1,1.0,0.0,0.0,-1.0,0.0
0,0.70864326,1,334,1,1.0,0.0,0.0,-1.0,0.0
0,0.7293643,1,335,1,1.0,0.0,0.0,-1.0,0.0
0,0.70321923,1,336,1,1.0,0.0,0.0,-1.0,0.0
1,0.698971,1,337,1,1.0,0.0,0.0,1.0,0.0
1,0.8000233,1,338,1,1.0,0.0,0.0,1.0,0.0
1,0.8012373,1,339,1,1.0,0.0,0.0,1.0,0.0
0,0.77733606,1,340,1,1.0,0.0,0.0,-1.0,0.0
0,0.7516018,1,341,1,1.0,0.0,0.0,-1.0,0.0
0,0.71748054,1,342,1,1.0,0.0,0.0,-1.0,0.0
0,0.7397236,1,343,1,1.0,0.0,0.0,-1.0,0.0
0,0.7496462,1,344,1,1.0,0.0,0.0,-1.0,0.0
0,0.7817915,1,345,1,1.0,0.0,0.0,-1.0,0.0
0,0.80843586,1,346,1,1.0,0.0,0.0,-1.0,0.0
0,0.7841738,1,347,1,1.0,0.0,0.0,-1.0,0.0
1,0.7968798,1,348,1,1.0,0.0,0.0,1.0,0.0
1,0.7885238,1,349,1,1.0,0.0,0.0,1.0,0.0
1,0.7885551,1,350,1,1.0,0.0,0.0,1.0,0.0
1,0.80028963,1,351,1,1.0,0.0,0.0,1.0,0.0
0,0.7010499,1,352,1,1.0,0.0,0.0,-1.0,0.0
0,0.596371,1,353,1,1.0,0.0,0.0,-1.0,0.0
0,0.508695,1,354,1,1.0,0.0,0.0,-1.0,0.0
0,0.52889264,1,355,1,1.0,0.0,0.0,-1.0,0.0
0,0.5572646,1,356,1,1.0,0.0,0.0,-1.0,0.0
0,0.5445785,1,357,1,1.0,0.0,0.0,-1.0,0.0
0,0.63470787,1,358,1,1.0,0.0,0.0,-1.0,0.0
1,0.5910108,1,359,1,1.0,0.0,0.0,1.0,0.0
1,0.61863136,1,360,1,1.0,0.0,0.0,1.0,0.0
1,0.7267817,1,361,1,1.0,0.0,0.0,1.0,0.0
1,0.6437915,1,362,1,1.0,0.0,0.0,1.0,0.0
1,0.63293344,1,363,1,1.0,0.0,0.0,1.0,0.0
0,0.39280152,0,364,0,0.0,1.0,0.002,-0.002,0.0
1,0.32436645,0,365,0,0.0,0.0,0.0,0.0,0.0
0,0.24682464,0,366,0,0.0,0.0,0.0,-0.0,0.0
1,0.18971553,0,367,0,0.0,0.0,0.0,0.0,0.0
1,0.15020749,0,368,0,0.0,0.0,0.0,0.0,0.0
0,0.19200046,0,369,0,0.0,0.0,0.0,-0.0,0.0
0,0.18141982,0,370,0,0.0,0.0,0.0,-0.0,0.0
1,0.24985194,0,371,0,0.0,0.0,0.0,0.0,0.0
1,0.20277165,0,372,0,0.0,0.0,0.0,0.0,0.0
0,0.17736997,0,373,0,0.0,0.0,0.0,-0.0,0.0
0,0.22085539,0,374,0,0.0,0.0,0.0,-0.0,0.0
0,0.24884231,0,375,0,0.0,0.0,0.0,-0.0,0.0
0,0.26622626,0,376,0,0.0,0.0,0.0,-0.0,0.0
0,0.23160902,0,377,0,0.0,0.0,0.0,-0.0,0.0
0,0.26027998,0,378,0,0.0,0.0,0.0,-0.0,0.0
0,0.38520166,0,379,0,0.0,0.0,0.0,-0.0,0.0
0,0.4025029,0,380,0,0.0,0.0,0.0,-0.0,0.0
0,0.58297217,1,381,1,1.0,1.0,0.002,-1.002,-0.0
1,0.60419893,1,382,1,1.0,0.0,0.0,1.0,-0.0
1,0.59985375,1,383,1,1.0,0.0,0.0,1.0,-0.0
1,0.6183978,1,384,1,1.0,0.0,0.0,1.0,-0.0
1,0.5632598,1,385,1,1.0,0.0,0.0,1.0,-0.0
0,0.4698101,0,386,0,0.0,1.0,0.002,-0.002,-0.0
0,0.18053873,0,387,0,0.0,0.0,0.0,-0.0,-0.0
0,0.15421765,0,388,0,0.0,0.0,0.0,-0.0,-0.0
0,0.08697378,0,389,0,0.0,0.0,0.0,-0.0,-0.0
0,0.05303624,0,390,0,0.0,0.0,0.0,-0.0,-0.0
0,0.05599837,0,391,0,0.0,0.0,0.0,-0.0,-0.0
0,0.055821385,0,392,0,0.0,0.0,0.0,-0.0,-0.0
0,0.08647656,0,393,0,0.0,0.0,0.0,-0.0,-0.0
0,0.10837978,0,394,0,0.0,0.0,0.0,-0.0,-0.0
0,0.14601402,0,395,0,0.0,0.0,0.0,-0.0,-0.0
0,0.21609822,0,396,0,0.0,0.0,0.0,-0.0,-0.0
0,0.335833,0,397,0,0.0,0.0,0.0,-0.0,-0.0
0,0.5308352,1,398,1,1.0,1.0,0.002,-1.002,0.0
0,0.76005965,1,399,1,1.0,0.0,0.0,-1.0,0.0
0,0.8712423,1,400,1,1.0,0.0,0.0,-1.0,0.0
0,0.91983,1,401,1,1.0,0.0,0.0,-1.0,0.0
0,0.937457,1,402,1,1.0,0.0,0.0,-1.0,0.0
0,0.9463806,1,403,1,1.0,0.0,0.0,-1.0,0.0
0,0.93875307,1,404,1,1.0,0.0,0.0,-1.0,0.0
0,0.9394106,1,405,1,1.0,0.0,0.0,-1.0,0.0
0,0.91928166,1,406,1,1.0,0.0,0.0,-1.0,0.0
1,0.90999573,1,407,1,1.0,0.0,0.0,1.0,0.0
0,0.89219904,1,408,1,1.0,0.0,0.0,-1.0,0.0
0,0.8744834,1,409,1,1.0,0.0,0.0,-1.0,0.0
1,0.8717982,1,410,1,1.0,0.0,0.0,1.0,0.0
1,0.84167,1,411,1,1.0,0.0,0.0,1.0,0.0
1,0.78337497,1,412,1,1.0,0.0,0.0,1.0,0.0
1,0.8181357,1,413,1,1.0,0.0,0.0,1.0,0.0
1,0.75639915,1,414,1,1.0,0.0,0.0,1.0,0.0
0,0.50711423,1,415,1,1.0,0.0,0.0,-1.0,0.0
0,0.36493236,0,416,0,0.0,1.0,0.002,-0.002,0.0
0,0.2365115,0,417,0,0.0,0.0,0.0,-0.0,0.0
1,0.21669888,0,418,0,0.0,0.0,0.0,0.0,0.0
1,0.13725652,0,419,0,0.0,0.0,0.0,0.0,0.0
1,0.20499538,0,420,0,0.0,0.0,0.0,0.0,0.0
1,0.25140658,0,421,0,0.0,0.0,0.0,0.0,0.0
1,0.1742197,0,422,0,0.0,0.0,0.0,0.0,0.0
1,0.114759386,0,423,0,0.0,0.0,0.0,0.0,0.0
0,0.033357657,0,424,0,0.0,0.0,0.0,-0.0,0.0
0,0.06415066,0,425,0,0.0,0.0,0.0,-0.0,0.0
0,0.06262467,0,426,0,0.0,0.0,0.0,-0.0,0.0
0,0.063148774,0,427,0,0.0,0.0,0.0,-0.0,0.0
0,0.110710174,0,428,0,0.0,0.0,0.0,-0.0,0.0
0,0.1519228,0,429,0,0.0,0.0,0.0,-0.0,0.0
0,0.22460502,0,430,0,0.0,0.0,0.0,-0.0,0.0
0,0.2456246,0,431,0,0.0,0.0,0.0,-0.0,0.0
0,0.2799031,0,432,0,0.0,0.0,0.0,-0.0,0.0
0,0.30413806,0,433,0,0.0,0.0,0.0,-0.0,0.0
0,0.3172964,0,434,0,0.0,0.0,0.0,-0.0,0.0
0,0.33947974,0,435,0,0.0,0.0,0.0,-0.0,0.0
0,0.45044744,0,436,0,0.0,0.0,0.0,-0.0,0.0
0,0.50225383,1,437,1,1.0,1.0,0.002,-1.002,-0.0
0,0.48074827,0,438,0,0.0,1.0,0.002,-0.002,-0.0
0,0.40294003,0,439,0,0.0,0.0,0.0,-0.0,-0.0
0,0.3697638,0,440,0,0.0,0.0,0.0,-0.0,-0.0
0,0.3279684,0,441,0,0.0,0.0,0.0,-0.0,-0.0
0,0.46119243,0,442,0,0.0,0.0,0.0,-0.0,-0.0
0,0.21251647,0,443,0,0.0,0.0,0.0,-0.0,-0.0
0,0.2113863,0,444,0,0.0,0.0,0.0,-0.0,-0.0
1,0.6801323,1,445,1,1.0,1.0,0.002,0.998,-0.0
1,0.68727064,1,446,1,1.0,0.0,0.0,1.0,-0.0
1,0.645286,1,447,1,1.0,0.0,0.0,1.0,-0.0
1,0.5415735,1,448,1,1.0,0.0,0.0,1.0,-0.0
1,0.40224278,0,449,0,0.0,1.0,0.002,-0.002,-0.0
1,0.20678985,0,450,0,0.0,0.0,0.0,0.0,-0.0
0,0.10527637,0,451,0,0.0,0.0,0.0,-0.0,-0.0
0,0.07783608,0,452,0,0.0,0.0,0.0,-0.0,-0.0
0,0.046081416,0,453,0,0.0,0.0,0.0,-0.0,-0.0
0,0.048585836,0,454,0,0.0,0.0,0.0,-0.0,-0.0
1,0.047318634,0,455,0,0.0,0.0,0.0,0.0,-0.0
1,0.1860222,0,456,0,0.0,0.0,0.0,0.0,-0.0
1,0.7802505,1,457,1,1.0,1.0,0.002,0.998,-0.0
1,0.8642911,1,458,1,1.0,0.0,0.0,1.0,-0.0
0,0.8677473,1,459,1,1.0,0.0,0.0,-1.0,-0.0
0,0.80364764,1,460,1,1.0,0.0,0.0,-1.0,-0.0
0,0.62642974,1,461,1,1.0,0.0,0.0,-1.0,-0.0
1,0.60502344,1,462,1,1.0,0.0,0.0,1.0,-0.0
1,0.57629955,1,463,1,1.0,0.0,0.0,1.0,-0.0
1,0.54950535,1,464,1,1.0,0.0,0.0,1.0,-0.0
0,0.46133888,0,465,0,0.0,1.0,0.002,-0.002,-0.0
0,0.48646402,0,466,0,0.0,0.0,0.0,-0.0,-0.0
0,0.3738061,0,467,0,0.0,0.0,0.0,-0.0,-0.0
0,0.40115833,0,468,0,0.0,0.0,0.0,-0.0,-0.0
0,0.42195418,0,469,0,0.0,0.0,0.0,-0.0,-0.0
0,0.5111821,1,470,1,1.0,1.0,0.002,-1.002,0.0
0,0.5778954,1,471,1,1.0,0.0,0.0,-1.0,0.0
1,0.6280319,1,472,1,1.0,0.0,0.0,1.0,0.0
1,0.637935,1,473,1,1.0,0.0,0.0,1.0,0.0
0,0.53536344,1,474,1,1.0,0.0,0.0,-1.0,0.0
0,0.49628088,0,475,0,0.0,1.0,0.002,-0.002,0.0
1,0.5074567,1,476,1,1.0,1.0,0.002,0.998,0.0
0,0.43743575,0,477,0,0.0,1.0,0.002,-0.002,0.0
0,0.58351046,1,478,1,1.0,1.0,0.002,-1.002,-0.0
0,0.68796647,1,479,1,1.0,0.0,0.0,-1.0,-0.0
0,0.8261987,1,480,1,1.0,0.0,0.0,-1.0,-0.0
0,0.06894887,0,481,0,0.0,1.0,0.002,-0.002,-0.0
1,0.092695996,0,482,0,0.0,0.0,0.0,0.0,-0.0
0,0.15062495,0,483,0,0.0,0.0,0.0,-0.0,-0.0
0,0.2706222,0,484,0,0.0,0.0,0.0,-0.0,-0.0
0,0.39148408,0,485,0,0.0,0.0,0.0,-0.0,-0.0
0,0.58417475,1,486,1,1.0,1.0,0.002,-1.002,0.0
1,0.7604743,1,487,1,1.0,0.0,0.0,1.0,0.0
1,0.8584265,1,488,1,1.0,0.0,0.0,1.0,0.0
1,0.908851,1,489,1,1.0,0.0,0.0,1.0,0.0
1,0.91836345,1,490,1,1.0,0.0,0.0,1.0,0.0
1,0.913919,1,491,1,1.0,0.0,0.0,1.0,0.0
1,0.80089676,1,492,1,1.0,0.0,0.0,1.0,0.0
0,0.6331683,1,493,1,1.0,0.0,0.0,-1.0,0.0
0,0.27951497,0,494,0,0.0,1.0,0.002,-0.002,0.0
0,0.23191412,0,495,0,0.0,0.0,0.0,-0.0,0.0
0,0.28302902,0,496,0,0.0,0.0,0.0,-0.0,0.0
0,0.41762346,0,497,0,0.0,0.0,0.0,-0.0,0.0
0,0.4954454,0,498,0,0.0,0.0,0.0,-0.0,0.0
0,0.6133253,1,499,1,1.0,1.0,0.002,-1.002,-0.0
0,0.6496583,1,500,1,1.0,0.0,0.0,-1.0,-0.0
0,0.6673327,1,501,1,1.0,0.0,0.0,-1.0,-0.0
0,0.65860075,1,502,1,1.0,0.0,0.0,-1.0,-0.0
1,0.6225681,1,503,1,1.0,0.0,0.0,1.0,-0.0
1,0.6046551,1,504,1,1.0,0.0,0.0,1.0,-0.0
1,0.5934401,1,505,1,1.0,0.0,0.0,1.0,-0.0
1,0.63000345,1,506,1,1.0,0.0,0.0,1.0,-0.0
1,0.58965284,1,507,1,1.0,0.0,0.0,1.0,-0.0
1,0.3730902,0,508,0,0.0,1.0,0.002,-0.002,-0.0
1,0.2923489,0,509,0,0.0,0.0,0.0,0.0,-0.0
0,0.123811066,0,510,0,0.0,0.0,0.0,-0.0,-0.0
0,0.06290001,0,511,0,0.0,0.0,0.0,-0.0,-0.0
0,0.043305475,0,512,0,0.0,0.0,0.0,-0.0,-0.0
0,0.062268298,0,513,0,0.0,0.0,0.0,-0.0,-0.0
0,0.120837934,0,514,0,0.0,0.0,0.0,-0.0,-0.0
1,0.21456435,0,515,0,0.0,0.0,0.0,0.0,-0.0
1,0.34210852,0,516,0,0.0,0.0,0.0,0.0,-0.0
0,0.4278718,0,517,0,0.0,0.0,0.0,-0.0,-0.0
0,0.40327728,0,518,0,0.0,0.0,0.0,-0.0,-0.0
0,0.43173057,0,519,0,0.0,0.0,0.0,-0.0,-0.0
0,0.42614707,0,520,0,0.0,0.0,0.0,-0.0,-0.0
0,0.38328683,0,521,0,0.0,0.0,0.0,-0.0,-0.0
0,0.36832455,0,522,0,0.0,0.0,0.0,-0.0,-0.0
0,0.38335073,0,523,0,0.0,0.0,0.0,-0.0,-0.0
0,0.3975991,0,524,0,0.0,0.0,0.0,-0.0,-0.0
0,0.4074501,0,525,0,0.0,0.0,0.0,-0.0,-0.0
0,0.38553706,0,526,0,0.0,0.0,0.0,-0.0,-0.0
0,0.34415185,0,527,0,0.0,0.0,0.0,-0.0,-0.0
1,0.29973,0,528,0,0.0,0.0,0.0,0.0,-0.0
0,0.17870015,0,529,0,0.0,0.0,0.0,-0.0,-0.0
0,0.18714693,0,530,0,0.0,0.0,0.0,-0.0,-0.0
0,0.12457048,0,531,0,0.0,0.0,0.0,-0.0,-0.0
0,0.10734112,0,532,0,0.0,0.0,0.0,-0.0,-0.0
0,0.063782156,0,533,0,0.0,0.0,0.0,-0.0,-0.0
1,0.11773212,0,534,0,0.0,0.0,0.0,0.0,-0.0
1,0.0813103,0,535,0,0.0,0.0,0.0,0.0,-0.0
1,0.07398662,0,536,0,0.0,0.0,0.0,0.0,-0.0
1,0.08391174,0,537,0,0.0,0.0,0.0,0.0,-0.0
0,0.05071365,0,538,0,0.0,0.0,0.0,-0.0,-0.0
0,0.053487424,0,539,0,0.0,0.0,0.0,-0.0,-0.0
0,0.0638259,0,540,0,0.0,0.0,0.0,-0.0,-0.0
1,0.097582184,0,541,0,0.0,0.0,0.0,0.0,-0.0
1,0.20540044,0,542,0,0.0,0.0,0.0,0.0,-0.0
1,0.31509075,0,543,0,0.0,0.0,0.0,0.0,-0.0
1,0.52644503,1,544,1,1.0,1.0,0.002,0.998,-0.0
1,0.72026026,1,545,1,1.0,0.0,0.0,1.0,-0.0
1,0.7602728,1,546,1,1.0,0.0,0.0,1.0,-0.0
0,0.8031272,1,547,1,1.0,0.0,0.0,-1.0,-0.0
0,0.8494946,1,548,1,1.0,0.0,0.0,-1.0,-0.0
0,0.88690996,1,549,1,1.0,0.0,0.0,-1.0,-0.0
1,0.911978,1,550,1,1.0,0.0,0.0,1.0,-0.0
1,0.9154641,1,551,1,1.0,0.0,0.0,1.0,-0.0
1,0.92864436,1,552,1,1.0,0.0,0.0,1.0,-0.0
0,0.93510246,1,553,1,1.0,0.0,0.0,-1.0,-0.0
0,0.940154,1,554,1,1.0,0.0,0.0,-1.0,-0.0
0,0.9090326,1,555,1,1.0,0.0,0.0,-1.0,-0.0
0,0.9234603,1,556,1,1.0,0.0,0.0,-1.0,-0.0
0,0.8588248,1,557,1,1.0,0.0,0.0,-1.0,-0.0
1,0.8975522,1,558,1,1.0,0.0,0.0,1.0,-0.0
1,0.8858573,1,559,1,1.0,0.0,0.0,1.0,-0.0
1,0.9211491,1,560,1,1.0,0.0,0.0,1.0,-0.0
1,0.92370313,1,561,1,1.0,0.0,0.0,1.0,-0.0
0,0.8773595,1,562,1,1.0,0.0,0.0,-1.0,-0.0
0,0.874126,1,563,1,1.0,0.0,0.0,-1.0,-0.0
0,0.7730203,1,564,1,1.0,0.0,0.0,-1.0,-0.0
0,0.75274295,1,565,1,1.0,0.0,0.0,-1.0,-0.0
0,0.774141,1,566,1,1.0,0.0,0.0,-1.0,-0.0
1,0.8633626,1,567,1,1.0,0.0,0.0,1.0,-0.0
0,0.860636,1,568,1,1.0,0.0,0.0,-1.0,-0.0
0,0.8594879,1,569,1,1.0,0.0,0.0,-1.0,-0.0
0,0.8746229,1,570,1,1.0,0.0,0.0,-1.0,-0.0
0,0.8933952,1,571,1,1.0,0.0,0.0,-1.0,-0.0
1,0.86487067,1,572,1,1.0,0.0,0.0,1.0,-0.0
1,0.8688482,1,573,1,1.0,0.0,0.0,1.0,-0.0
1,0.86430925,1,574,1,1.0,0.0,0.0,1.0,-0.0
1,0.8616365,1,575,1,1.0,0.0,0.0,1.0,-0.0
1,0.8477903,1,576,1,1.0,0.0,0.0,1.0,-0.0
1,0.66769326,1,577,1,1.0,0.0,0.0,1.0,-0.0
1,0.28909585,0,578,0,0.0,1.0,0.002,-0.002,-0.0
1,0.16592298,0,579,0,0.0,0.0,0.0,0.0,-0.0
0,0.035011742,0,580,0,0.0,0.0,0.0,-0.0,-0.0
0,0.04576082,0,581,0,0.0,0.0,0.0,-0.0,-0.0
0,0.08682675,0,582,0,0.0,0.0,0.0,-0.0,-0.0
0,0.29108086,0,583,0,0.0,0.0,0.0,-0.0,-0.0
1,0.44082227,0,584,0,0.0,0.0,0.0,0.0,-0.0
1,0.6408943,1,585,1,1.0,1.0,0.002,0.998,-0.0
1,0.75712466,1,586,1,1.0,0.0,0.0,1.0,-0.0
1,0.8300218,1,587,1,1.0,0.0,0.0,1.0,-0.0
1,0.89245534,1,588,1,1.0,0.0,0.0,1.0,-0.0
1,0.8046813,1,589,1,1.0,0.0,0.0,1.0,-0.0
1,0.37607348,0,590,0,0.0,1.0,0.002,-0.002,-0.0
1,0.5225384,1,591,1,1.0,1.0,0.002,0.998,-0.0
1,0.32735455,0,592,0,0.0,1.0,0.002,-0.002,-0.0
1,0.340849,0,593,0,0.0,0.0,0.0,0.0,-0.0
1,0.49883768,0,594,0,0.0,0.0,0.0,0.0,-0.0
0,0.35617435,0,595,0,0.0,0.0,0.0,-0.0,-0.0
0,0.6103248,1,596,1,1.0,1.0,0.002,-1.002,0.0
0,0.701198,1,597,1,1.0,0.0,0.0,-1.0,0.0
0,0.7454179,1,598,1,1.0,0.0,0.0,-1.0,0.0
0,0.75929207,1,599,1,1.0,0.0,0.0,-1.0,0.0
0,0.7499657,1,600,1,1.0,0.0,0.0,-1.0,0.0
0,0.69346195,1,601,1,1.0,0.0,0.0,-1.0,0.0
0,0.64408135,1,602,1,1.0,0.0,0.0,-1.0,0.0
0,0.60753256,1,603,1,1.0,0.0,0.0,-1.0,0.0
0,0.639107,1,604,1,1.0,0.0,0.0,-1.0,0.0
0,0.67367846,1,605,1,1.0,0.0,0.0,-1.0,0.0
1,0.7016286,1,606,1,1.0,0.0,0.0,1.0,0.0
1,0.73076165,1,607,1,1.0,0.0,0.0,1.0,0.0
1,0.69660133,1,608,1,1.0,0.0,0.0,1.0,0.0
1,0.7203395,1,609,1,1.0,0.0,0.0,1.0,0.0
1,0.7312224,1,610,1,1.0,0.0,0.0,1.0,0.0
1,0.6258867,1,611,1,1.0,0.0,0.0,1.0,0.0
1,0.45454285,0,612,0,0.0,1.0,0.002,-0.002,0.0
1,0.4381794,0,613,0,0.0,0.0,0.0,0.0,0.0
0,0.3841651,0,614,0,0.0,0.0,0.0,-0.0,0.0
0,0.3888687,0,615,0,0.0,0.0,0.0,-0.0,0.0
0,0.21138188,0,616,0,0.0,0.0,0.0,-0.0,0.0
0,0.25398898,0,617,0,0.0,0.0,0.0,-0.0,0.0
0,0.24698661,0,618,0,0.0,0.0,0.0,-0.0,0.0
0,0.24234726,0,619,0,0.0,0.0,0.0,-0.0,0.0
0,0.2659687,0,620,0,0.0,0.0,0.0,-0.0,0.0
0,0.32434574,0,621,0,0.0,0.0,0.0,-0.0,0.0
0,0.43771452,0,622,0,0.0,0.0,0.0,-0.0,0.0
0,0.5084539,1,623,1,1.0,1.0,0.002,-1.002,-0.0
0,0.49731925,0,624,0,0.0,1.0,0.002,-0.002,-0.0
0,0.5482189,1,625,1,1.0,1.0,0.002,-1.002,0.0
0,0.7137458,1,626,1,1.0,0.0,0.0,-1.0,0.0
1,0.71143377,1,627,1,1.0,0.0,0.0,1.0,0.0
1,0.7546315,1,628,1,1.0,0.0,0.0,1.0,0.0
1,0.7657544,1,629,1,1.0,0.0,0.0,1.0,0.0
0,0.7041236,1,630,1,1.0,0.0,0.0,-1.0,0.0
1,0.69690084,1,631,1,1.0,0.0,0.0,1.0,0.0
0,0.54961306,1,632,1,1.0,0.0,0.0,-1.0,0.0
0,0.39579803,0,633,0,0.0,1.0,0.002,-0.002,0.0
1,0.36612234,0,634,0,0.0,0.0,0.0,0.0,0.0
1,0.30427286,0,635,0,0.0,0.0,0.0,0.0,0.0
1,0.14477526,0,636,0,0.0,0.0,0.0,0.0,0.0
1,0.088835865,0,637,0,0.0,0.0,0.0,0.0,0.0
1,0.038876664,0,638,0,0.0,0.0,0.0,0.0,0.0
0,0.02229702,0,639,0,0.0,0.0,0.0,-0.0,0.0
0,0.059876483,0,640,0,0.0,0.0,0.0,-0.0,0.0
0,0.18160452,0,641,0,0.0,0.0,0.0,-0.0,0.0
0,0.35623556,0,642,0,0.0,0.0,0.0,-0.0,0.0
0,0.605565,1,643,1,1.0,1.0,0.002,-1.002,-0.0
1,0.771365,1,644,1,1.0,0.0,0.0,1.0,-0.0
1,0.87826115,1,645,1,1.0,0.0,0.0,1.0,-0.0
1,0.9070755,1,646,1,1.0,0.0,0.0,1.0,-0.0
1,0.9218516,1,647,1,1.0,0.0,0.0,1.0,-0.0
1,0.9012221,1,648,1,1.0,0.0,0.0,1.0,-0.0
1,0.9073082,1,649,1,1.0,0.0,0.0,1.0,-0.0
1,0.8780942,1,650,1,1.0,0.0,0.0,1.0,-0.0
0,0.83325815,1,651,1,1.0,0.0,0.0,-1.0,-0.0
0,0.7880838,1,652,1,1.0,0.0,0.0,-1.0,-0.0
0,0.75249743,1,653,1,1.0,0.0,0.0,-1.0,-0.0
0,0.818204,1,654,1,1.0,0.0,0.0,-1.0,-0.0
0,0.7949414,1,655,1,1.0,0.0,0.0,-1.0,-0.0
0,0.85317016,1,656,1,1.0,0.0,0.0,-1.0,-0.0
1,0.8820779,1,657,1,1.0,0.0,0.0,1.0,-0.0
1,0.9115302,1,658,1,1.0,0.0,0.0,1.0,-0.0
1,0.91087204,1,659,1,1.0,0.0,0.0,1.0,-0.0
1,0.911263,1,660,1,1.0,0.0,0.0,1.0,-0.0
1,0.9019269,1,661,1,1.0,0.0,0.0,1.0,-0.0
1,0.88791716,1,662,1,1.0,0.0,0.0,1.0,-0.0
1,0.8865069,1,663,1,1.0,0.0,0.0,1.0,-0.0
1,0.88760686,1,664,1,1.0,0.0,0.0,1.0,-0.0
1,0.8898995,1,665,1,1.0,0.0,0.0,1.0,-0.0
1,0.8900243,1,666,1,1.0,0.0,0.0,1.0,-0.0
1,0.8874817,1,667,1,1.0,0.0,0.0,1.0,-0.0
1,0.8516779,1,668,1,1.0,0.0,0.0,1.0,-0.0
0,0.82629997,1,669,1,1.0,0.0,0.0,-1.0,-0.0
1,0.7246275,1,670,1,1.0,0.0,0.0,1.0,-0.0
0,0.6843537,1,671,1,1.0,0.0,0.0,-1.0,-0.0
0,0.69405174,1,672,1,1.0,0.0,0.0,-1.0,-0.0
0,0.7665194,1,673,1,1.0,0.0,0.0,-1.0,-0.0
0,0.7846644,1,674,1,1.0,0.0,0.0,-1.0,-0.0
0,0.72995305,1,675,1,1.0,0.0,0.0,-1.0,-0.0
0,0.8084062,1,676,1,1.0,0.0,0.0,-1.0,-0.0
1,0.7269247,1,677,1,1.0,0.0,0.0,1.0,-0.0
1,0.32205427,0,678,0,0.0,1.0,0.002,-0.002,-0.0
1,0.3202716,0,679,0,0.0,0.0,0.0,0.0,-0.0
1,0.39879104,0,680,0,0.0,0.0,0.0,0.0,-0.0
1,0.8553095,1,681,1,1.0,1.0,0.002,0.998,-0.0
0,0.60184145,1,682,1,1.0,0.0,0.0,-1.0,-0.0
1,0.64665,1,683,1,1.0,0.0,0.0,1.0,-0.0
1,0.65762085,1,684,1,1.0,0.0,0.0,1.0,-0.0
0,0.5949992,1,685,1,1.0,0.0,0.0,-1.0,-0.0
0,0.58961713,1,686,1,1.0,0.0,0.0,-1.0,-0.0
0,0.5161334,1,687,1,1.0,0.0,0.0,-1.0,-0.0
0,0.46612784,0,688,0,0.0,1.0,0.002,-0.002,-0.0
0,0.20005736,0,689,0,0.0,0.0,0.0,-0.0,-0.0
0,0.25400507,0,690,0,0.0,0.0,0.0,-0.0,-0.0
0,0.24530555,0,691,0,0.0,0.0,0.0,-0.0,-0.0
0,0.27321267,0,692,0,0.0,0.0,0.0,-0.0,-0.0
0,0.2398782,0,693,0,0.0,0.0,0.0,-0.0,-0.0
0,0.20564067,0,694,0,0.0,0.0,0.0,-0.0,-0.0
1,0.27816162,0,695,0,0.0,0.0,0.0,0.0,-0.0
1,0.27941212,0,696,0,0.0,0.0,0.0,0.0,-0.0
1,0.3371048,0,697,0,0.0,0.0,0.0,0.0,-0.0
1,0.36586425,0,698,0,0.0,0.0,0.0,0.0,-0.0
0,0.23182616,0,699,0,0.0,0.0,0.0,-0.0,-0.0
0,0.11380055,0,700,0,0.0,0.0,0.0,-0.0,-0.0
0,0.02924763,0,701,0,0.0,0.0,0.0,-0.0,-0.0
0,0.02618428,0,702,0,0.0,0.0,0.0,-0.0,-0.0
0,0.07464731,0,703,0,0.0,0.0,0.0,-0.0,-0.0
0,0.17096855,0,704,0,0.0,0.0,0.0,-0.0,-0.0
0,0.39828846,0,705,0,0.0,0.0,0.0,-0.0,-0.0
1,0.60971385,1,706,1,1.0,1.0,0.002,0.998,-0.0
0,0.7135389,1,707,1,1.0,0.0,0.0,-1.0,-0.0
0,0.6317965,1,708,1,1.0,0.0,0.0,-1.0,-0.0
0,0.7752231,1,709,1,1.0,0.0,0.0,-1.0,-0.0
0,0.7960613,1,710,1,1.0,0.0,0.0,-1.0,-0.0
0,0.7540124,1,711,1,1.0,0.0,0.0,-1.0,-0.0
0,0.78477585,1,712,1,1.0,0.0,0.0,-1.0,-0.0
0,0.704179,1,713,1,1.0,0.0,0.0,-1.0,-0.0
0,0.74198526,1,714,1,1.0,0.0,0.0,-1.0,-0.0
0,0.6699573,1,715,1,1.0,0.0,0.0,-1.0,-0.0
1,0.6784041,1,716,1,1.0,0.0,0.0,1.0,-0.0
1,0.61996156,1,717,1,1.0,0.0,0.0,1.0,-0.0
1,0.62834746,1,718,1,1.0,0.0,0.0,1.0,-0.0
1,0.63469625,1,719,1,1.0,0.0,0.0,1.0,-0.0
1,0.4706666,0,720,0,0.0,1.0,0.002,-0.002,-0.0
1,0.26624078,0,721,0,0.0,0.0,0.0,0.0,-0.0
1,0.11183561,0,722,0,0.0,0.0,0.0,0.0,-0.0
0,0.044017326,0,723,0,0.0,0.0,0.0,-0.0,-0.0
0,0.06333926,0,724,0,0.0,0.0,0.0,-0.0,-0.0
0,0.12300302,0,725,0,0.0,0.0,0.0,-0.0,-0.0
0,0.2859133,0,726,0,0.0,0.0,0.0,-0.0,-0.0
0,0.32040727,0,727,0,0.0,0.0,0.0,-0.0,-0.0
0,0.44728678,0,728,0,0.0,0.0,0.0,-0.0,-0.0
0,0.55746347,1,729,1,1.0,1.0,0.002,-1.002,0.0
0,0.607106,1,730,1,1.0,0.0,0.0,-1.0,0.0
0,0.63661623,1,731,1,1.0,0.0,0.0,-1.0,0.0
0,0.64372694,1,732,1,1.0,0.0,0.0,-1.0,0.0
1,0.7038197,1,733,1,1.0,0.0,0.0,1.0,0.0
1,0.8411172,1,734,1,1.0,0.0,0.0,1.0,0.0
1,0.8358781,1,735,1,1.0,0.0,0.0,1.0,0.0
1,0.7503687,1,736,1,1.0,0.0,0.0,1.0,0.0
1,0.7013864,1,737,1,1.0,0.0,0.0,1.0,0.0
0,0.46411657,0,738,0,0.0,1.0,0.002,-0.002,0.0
0,0.10124364,0,739,0,0.0,0.0,0.0,-0.0,0.0
0,0.050703347,0,740,0,0.0,0.0,0.0,-0.0,0.0
0,0.024060152,0,741,0,0.0,0.0,0.0,-0.0,0.0
0,0.023086209,0,742,0,0.0,0.0,0.0,-0.0,0.0
1,0.06771182,0,743,0,0.0,0.0,0.0,0.0,0.0
1,0.05280361,0,744,0,0.0,0.0,0.0,0.0,0.0
1,0.052196454,0,745,0,0.0,0.0,0.0,0.0,0.0
1,0.03641932,0,746,0,0.0,0.0,0.0,0.0,0.0
1,0.031861667,0,747,0,0.0,0.0,0.0,0.0,0.0
1,0.017372472,0,748,0,0.0,0.0,0.0,0.0,0.0
1,0.026178412,0,749,0,0.0,0.0,0.0,0.0,0.0
1,0.02789645,0,750,0,0.0,0.0,0.0,0.0,0.0
0,0.035694953,0,751,0,0.0,0.0,0.0,-0.0,0.0
0,0.083479896,0,752,0,0.0,0.0,0.0,-0.0,0.0
1,0.17119244,0,753,0,0.0,0.0,0.0,0.0,0.0
1,0.20809104,0,754,0,0.0,0.0,0.0,0.0,0.0
1,0.30073914,0,755,0,0.0,0.0,0.0,0.0,0.0
1,0.34472373,0,756,0,0.0,0.0,0.0,0.0,0.0
1,0.42270714,0,757,0,0.0,0.0,0.0,0.0,0.0
1,0.3771567,0,758,0,0.0,0.0,0.0,0.0,0.0
0,0.09941012,0,759,0,0.0,0.0,0.0,-0.0,0.0
0,0.13368997,0,760,0,0.0,0.0,0.0,-0.0,0.0
0,0.1199035,0,761,0,0.0,0.0,0.0,-0.0,0.0
0,0.2171622,0,762,0,0.0,0.0,0.0,-0.0,0.0
0,0.37304905,0,763,0,0.0,0.0,0.0,-0.0,0.0
0,0.5578965,1,764,1,1.0,1.0,0.002,-1.002,-0.0
0,0.6681207,1,765,1,1.0,0.0,0.0,-1.0,-0.0
0,0.75681144,1,766,1,1.0,0.0,0.0,-1.0,-0.0
0,0.82135236,1,767,1,1.0,0.0,0.0,-1.0,-0.0
1,0.85799503,1,768,1,1.0,0.0,0.0,1.0,-0.0
0,0.83647275,1,769,1,1.0,0.0,0.0,-1.0,-0.0
0,0.86909235,1,770,1,1.0,0.0,0.0,-1.0,-0.0
0,0.85945,1,771,1,1.0,0.0,0.0,-1.0,-0.0
0,0.83316064,1,772,1,1.0,0.0,0.0,-1.0,-0.0
0,0.79861665,1,773,1,1.0,0.0,0.0,-1.0,-0.0
0,0.8478179,1,774,1,1.0,0.0,0.0,-1.0,-0.0
0,0.8364518,1,775,1,1.0,0.0,0.0,-1.0,-0.0
0,0.82600015,1,776,1,1.0,0.0,0.0,-1.0,-0.0
0,0.7785355,1,777,1,1.0,0.0,0.0,-1.0,-0.0
1,0.8275106,1,778,1,1.0,0.0,0.0,1.0,-0.0
1,0.8065025,1,779,1,1.0,0.0,0.0,1.0,-0.0
1,0.7516035,1,780,1,1.0,0.0,0.0,1.0,-0.0
1,0.69585,1,781,1,1.0,0.0,0.0,1.0,-0.0
1,0.4774486,0,782,0,0.0,1.0,0.002,-0.002,-0.0
1,0.22384779,0,783,0,0.0,0.0,0.0,0.0,-0.0
1,0.05435137,0,784,0,0.0,0.0,0.0,0.0,-0.0
1,0.055880673,0,785,0,0.0,0.0,0.0,0.0,-0.0
1,0.07156861,0,786,0,0.0,0.0,0.0,0.0,-0.0
1,0.066679195,0,787,0,0.0,0.0,0.0,0.0,-0.0
1,0.09638825,0,788,0,0.0,0.0,0.0,0.0,-0.0
1,0.1842431,0,789,0,0.0,0.0,0.0,0.0,-0.0
1,0.3347473,0,790,0,0.0,0.0,0.0,0.0,-0.0
0,0.36636606,0,791,0,0.0,0.0,0.0,-0.0,-0.0
0,0.44162348,0,792,0,0.0,0.0,0.0,-0.0,-0.0
1,0.4826442,0,793,0,0.0,0.0,0.0,0.0,-0.0
0,0.49747473,0,794,0,0.0,0.0,0.0,-0.0,-0.0
0,0.48606855,0,795,0,0.0,0.0,0.0,-0.0,-0.0
1,0.3886514,0,796,0,0.0,0.0,0.0,0.0,-0.0
1,0.3253283,0,797,0,0.0,0.0,0.0,0.0,-0.0
1,0.26800966,0,798,0,0.0,0.0,0.0,0.0,-0.0
1,0.2539015,0,799,0,0.0,0.0,0.0,0.0,-0.0
1,0.22341137,0,800,0,0.0,0.0,0.0,0.0,-0.0
1,0.15050419,0,801,0,0.0,0.0,0.0,0.0,-0.0
1,0.09048735,0,802,0,0.0,0.0,0.0,0.0,-0.0
1,0.07863171,0,803,0,0.0,0.0,0.0,0.0,-0.0
1,0.13144359,0,804,0,0.0,0.0,0.0,0.0,-0.0
0,0.092935614,0,805,0,0.0,0.0,0.0,-0.0,-0.0
1,0.18040726,0,806,0,0.0,0.0,0.0,0.0,-0.0
1,0.24763331,0,807,0,0.0,0.0,0.0,0.0,-0.0
1,0.27360675,0,808,0,0.0,0.0,0.0,0.0,-0.0
1,0.306806,0,809,0,0.0,0.0,0.0,0.0,-0.0
